Tue Apr 24 2018 10:12:06 GMT+0200 (CEST);UL;7076FFFFFE018839 .TCD_TEC_V2;010FB950;UnConfUp; major=0  FCtrl:00  FCnt:0  FPort:2  len:15 [MIC Ok]<br>encrypted: 40 50 B9 0F 01 00 00 00 02 19 13 21 81 9B 72;-94;2;868.3;12
NO DOWNLINK SCHEDULED

Tue Apr 24 2018 10:12:11 GMT+0200 (CEST);UL;7076FFFFFE018839 .TCD_TEC_V2;010FB950;UnConfUp; major=0  FCtrl:00  FCnt:1  FPort:2  len:15 [MIC Ok]<br>encrypted: 40 50 B9 0F 01 00 01 00 02 D7 4F 42 C6 5A E6;-93;14;868.5;12
Tue Apr 24 2018 10:12:11 GMT+0200 (CEST);DL;7076FFFFFE018839 .TCD_TEC_V2;010FB950;ConfDown; major=0  FCtrl:00  FCnt:1  FPort:2  len:64 [MIC Ok]<br>encrypted: A0 50 B9 0F 01 00 01 00 02 50 46 78 A7 20 97 5D 7C EC 93 67 52 AD E5 83 05 EE 76 7A 73 B7 39 9B E5 2E 05 31 76 6D A7 3A F6 FC D7 F0 D2 98 41 60 86 72 C1 C0 95 96 1F BF F6 2D D4 97 C2 C1 F0 AF;;;868.5;12
DOWNLINK RECEIVED (NOT SENT ON SF 10 869.525)

Tue Apr 24 2018 10:17:33 GMT+0200 (CEST);UL;7076FFFFFE018839 .TCD_TEC_V2;010FB950;UnConfUp; major=0  FCtrl:20 [ACK]  FCnt:2  FPort:2  len:16 [MIC Ok]<br>encrypted: 40 50 B9 0F 01 20 02 00 02 99 57 99 F1 CB 09 8F;-92;11;868.3;12
Tue Apr 24 2018 10:17:33 GMT+0200 (CEST);DL;7076FFFFFE018839 .TCD_TEC_V2;010FB950;ConfDown; major=0  FCtrl:00  FCnt:2  FPort:2  len:64 [MIC Ok]<br>encrypted: A0 50 B9 0F 01 00 02 00 02 27 CA E9 D1 48 64 52 6F 86 FC 35 E1 56 A0 74 B7 5E 25 F8 E0 ED DD 32 75 AA 43 D0 70 14 29 71 8E F3 8D A3 AA DF AF 42 70 92 51 09 23 B8 BB 6B E1 FF E0 87 7C 01 B7 8D;;;868.3;12
DOWNLINK RECEIVED (NOT SENT ON SF 10 869.525)

Tue Apr 24 2018 10:17:58 GMT+0200 (CEST);UL;7076FFFFFE010849 .DIT Kevin St_V2;010FB950;UnConfUp; major=0  FCtrl:20 [ACK]  FCnt:3  FPort:2  len:16 [MIC Ok]<br>encrypted: 40 50 B9 0F 01 20 03 00 02 D0 FD 3A 8C E8 46 11;-115;-8;868.5;12
Tue Apr 24 2018 10:17:58 GMT+0200 (CEST);DL;7076FFFFFE018839 .TCD_TEC_V2;010FB950;ConfDown; major=0  FCtrl:00  FCnt:3  FPort:2  len:64 [MIC Ok]<br>encrypted: A0 50 B9 0F 01 00 03 00 02 34 6A DA 30 41 63 CB 77 7B CB 3D 81 4F E3 A7 6C 79 32 2B 10 4E AB D9 F7 1E 94 78 4F C8 AD 3C 8F 27 4F E2 96 F1 FD 2D 64 4B F3 94 1C 19 1F F2 A9 0B 15 A5 0A 62 67 0E;;;868.5;12
DOWNLINK RECEIVED (NOT SENT ON SF 10 869.525)

Tue Apr 24 2018 10:24:12 GMT+0200 (CEST);UL;7076FFFFFE0107CD .Croke Park;010FB950;UnConfUp; major=0  FCtrl:20 [ACK]  FCnt:4  FPort:2  len:16 [MIC Ok]<br>encrypted: 40 50 B9 0F 01 20 04 00 02 AB 1C B0 E6 59 47 80;-108;-3;868.3;12
Tue Apr 24 2018 10:24:12 GMT+0200 (CEST);DL;7076FFFFFE018839 .TCD_TEC_V2;010FB950;ConfDown; major=0  FCtrl:00  FCnt:4  FPort:2  len:64 [MIC Ok]<br>encrypted: A0 50 B9 0F 01 00 04 00 02 07 A3 AC FC 9B 22 41 AE AB 16 01 B8 1E EB 1E A3 C8 80 A0 63 35 CA D2 8B 11 FC CC 90 58 1D 17 DA CC 20 3D 56 A5 1E 83 A6 C2 87 BD 98 DC 2D 16 BF 52 C2 67 3A B7 C9 CE;;;868.3;12
DOWNLINK RECEIVED (NOT SENT ON SF 10 869.525)


Tue Apr 24 2018 10:24:36 GMT+0200 (CEST);UL;7076FFFFFE0107CD .Croke Park;010FB950;UnConfUp; major=0  FCtrl:20 [ACK]  FCnt:5  FPort:2  len:16 [MIC Ok]<br>encrypted: 40 50 B9 0F 01 20 05 00 02 44 4B 04 F9 10 FC D7;-111;-7;868.5;12
Tue Apr 24 2018 10:24:36 GMT+0200 (CEST);DL;7076FFFFFE018839 .TCD_TEC_V2;010FB950;ConfDown; major=0  FCtrl:00  FCnt:5  FPort:2  len:64 [MIC Ok]<br>encrypted: A0 50 B9 0F 01 00 05 00 02 BC 9B C5 81 30 82 85 14 7E B1 AE A4 D6 5A 00 33 02 B7 9C 8E C4 EE 16 0D C9 60 96 F8 4B F1 28 FE E6 3F 33 6D 55 86 1F C0 FA 47 97 B0 A8 0A C7 F2 1E DD 11 F6 52 4A 6D;;;868.5;12
DOWNLINK RECEIVED (NOT SENT ON SF 10 869.525)


Tue Apr 24 2018 10:30:50 GMT+0200 (CEST);UL;7076FFFFFE018839 .TCD_TEC_V2;010FB950;UnConfUp; major=0  FCtrl:20 [ACK]  FCnt:6  FPort:2  len:16 [MIC Ok]<br>encrypted: 40 50 B9 0F 01 20 06 00 02 4B C1 AE 39 7B 04 F6;-94;-5;868.3;12
Tue Apr 24 2018 10:30:51 GMT+0200 (CEST);DL;7076FFFFFE018839 .TCD_TEC_V2;010FB950;ConfDown; major=0  FCtrl:00  FCnt:6  FPort:2  len:64 [MIC Ok]<br>encrypted: A0 50 B9 0F 01 00 06 00 02 5B 00 5D 36 E8 06 C7 D7 05 E7 94 56 16 C4 AE C6 14 B7 10 2A 08 62 EE A4 29 74 2C 65 3D AE 2F AB 94 14 68 3A 10 65 69 60 96 2D EF B5 BA DF C6 35 C1 55 5B 13 82 64 A9;;;868.3;12
DOWNLINK RECEIVED (NOT SENT ON SF 10 869.525)

Tue Apr 24 2018 10:31:15 GMT+0200 (CEST);UL;7076FFFFFE018839 .TCD_TEC_V2;010FB950;UnConfUp; major=0  FCtrl:20 [ACK]  FCnt:7  FPort:2  len:16 [MIC Ok]<br>encrypted: 40 50 B9 0F 01 20 07 00 02 C0 20 A7 C0 08 99 BE;-92;14;868.5;12
Tue Apr 24 2018 10:31:15 GMT+0200 (CEST);DL;7076FFFFFE018839 .TCD_TEC_V2;010FB950;ConfDown; major=0  FCtrl:00  FCnt:7  FPort:2  len:64 [MIC Ok]<br>encrypted: A0 50 B9 0F 01 00 07 00 02 BE 47 64 E1 D8 22 BB 89 02 E0 8B 41 53 C6 49 C9 6E 59 0D FE E1 70 45 75 6F E1 9F 45 94 4B 30 6B A5 CA 0D 74 93 E9 5D 68 26 4A 79 26 DD DF 8C 8E 51 48 F0 08 22 2F 4E;;;868.5;12
DOWNLINK RECEIVED (NOT SENT ON SF 10 869.525)


Tue Apr 24 2018 10:37:29 GMT+0200 (CEST);UL;7076FFFFFE0107CD .Croke Park;010FB950;UnConfUp; major=0  FCtrl:20 [ACK]  FCnt:8  FPort:2  len:16 [MIC Ok]<br>encrypted: 40 50 B9 0F 01 20 08 00 02 79 2E 94 BF 6E DD 1B;-107;-6;868.3;12
Tue Apr 24 2018 10:37:29 GMT+0200 (CEST);DL;7076FFFFFE010849 .DIT Kevin St_V2;010FB950;ConfDown; major=0  FCtrl:00  FCnt:8  FPort:2  len:64 [MIC Ok]<br>encrypted: A0 50 B9 0F 01 00 08 00 02 4F 7C 8B 66 9C 65 10 F8 1E D1 AE E8 CF 76 98 44 D3 F5 5F CD 71 60 BF D4 89 3F 95 5F 8A 78 6A 02 7B 89 FD F8 FE 59 F5 E9 58 D0 FA 21 5E 89 E7 DB FB E8 D1 DD 25 96 92;;;869.525;10
MISSING DOWNLINK - MAC ERR (NOTE SENT ON SF 10 869.525)

Tue Apr 24 2018 10:37:54 GMT+0200 (CEST);UL;7076FFFFFE0107D6 .UCD;010FB950;UnConfUp; major=0  FCtrl:00  FCnt:9  FPort:2  len:16 [MIC Ok]<br>encrypted: 40 50 B9 0F 01 00 09 00 02 DE 1E 70 9F AD 40 74;-125;-20;868.5;12
Tue Apr 24 2018 10:37:54 GMT+0200 (CEST);DL;7076FFFFFE018839 .TCD_TEC_V2;010FB950;ConfDown; major=0  FCtrl:00  FCnt:9  FPort:2  len:64 [MIC Ok]<br>encrypted: A0 50 B9 0F 01 00 09 00 02 8F D0 62 8D 99 3B 79 E6 56 78 67 C9 C1 70 57 AA 3E F8 B6 80 FF 9E 50 32 53 3F E7 90 6F 79 5E 1D 1E D5 B9 35 5E 1F 66 FD D5 77 35 04 F2 8B CA 6C 81 4A 1B 09 DC 47 E3;;;868.5;12
DOWNLINK RECEIVED (NOT SENT ON SF 10 869.525)

Tue Apr 24 2018 10:44:08 GMT+0200 (CEST);UL;7076FFFFFE0107CD .Croke Park;010FB950;UnConfUp; major=0  FCtrl:20 [ACK]  FCnt:10  FPort:2  len:16 [MIC Ok]<br>encrypted: 40 50 B9 0F 01 20 0A 00 02 21 83 AF 8C C9 5D 24;-108;-10;868.3;12
Tue Apr 24 2018 10:44:08 GMT+0200 (CEST);DL;7076FFFFFE010849 .DIT Kevin St_V2;010FB950;ConfDown; major=0  FCtrl:00  FCnt:10  FPort:2  len:64 [MIC Ok]<br>encrypted: A0 50 B9 0F 01 00 0A 00 02 7E E0 7C 9B 12 DD A5 F8 A6 0B 80 8C 3D C5 2D 31 44 71 BB 4B 44 80 DB 61 24 33 12 43 02 19 8C 74 45 B4 10 9D 36 06 F5 41 88 BC C9 57 C5 C6 32 4D AD DB B9 A7 60 9A E0;;;869.525;10
MISSING DOWNLINK - MAC ERR (NOTE SENT ON SF 10 869.525)


Tue Apr 24 2018 10:44:32 GMT+0200 (CEST);UL;7076FFFFFE0107CD .Croke Park;010FB950;UnConfUp; major=0  FCtrl:00  FCnt:11  FPort:2  len:16 [MIC Ok]<br>encrypted: 40 50 B9 0F 01 00 0B 00 02 91 2E A9 3E 73 5D 0E;-110;-2;868.5;12
Tue Apr 24 2018 10:44:33 GMT+0200 (CEST);DL;7076FFFFFE0107CD .Croke Park;010FB950;ConfDown; major=0  FCtrl:00  FCnt:11  FPort:2  len:64 [MIC Ok]<br>encrypted: A0 50 B9 0F 01 00 0B 00 02 C6 1B 14 C0 C3 CC F9 22 D3 D3 31 B2 D5 31 AF 9D 46 99 89 CF 79 69 F5 62 64 F5 C2 B9 2B 83 EE 7C 00 0D DE 54 AE DC 2D 43 D2 94 0D CA 0B 6E 55 CF 16 92 AA 57 2C 5B B2;;;869.525;10
MISSING DOWNLINK - MAC ERR (NOTE SENT ON SF 10 869.525)


Tue Apr 24 2018 10:50:47 GMT+0200 (CEST);UL;7076FFFFFE0107D6 .UCD;010FB950;UnConfUp; major=0  FCtrl:00  FCnt:12  FPort:2  len:16 [MIC Ok]<br>encrypted: 40 50 B9 0F 01 00 0C 00 02 7A 73 D9 5B 86 48 C1;-121;-11;868.3;12
Tue Apr 24 2018 10:50:47 GMT+0200 (CEST);DL;7076FFFFFE018839 .TCD_TEC_V2;010FB950;ConfDown; major=0  FCtrl:00  FCnt:12  FPort:2  len:64 [MIC Ok]<br>encrypted: A0 50 B9 0F 01 00 0C 00 02 D3 AA 9A BD 62 53 32 BF AF A6 A1 02 FB 9C 2A 1C 34 43 09 8A BB B0 A4 C1 6D 3C C1 65 10 17 CC 05 E6 A1 4F 53 8F CC D8 51 31 E5 55 F5 40 9E 82 B4 1D 8E 92 3E 01 98 22;;;869.525;10
MISSING DOWNLINK - MAC ERR (NOTE SENT ON SF 10 869.525)


Tue Apr 24 2018 10:51:12 GMT+0200 (CEST);UL;7076FFFFFE0107CD .Croke Park;010FB950;UnConfUp; major=0  FCtrl:00  FCnt:13  FPort:2  len:16 [MIC Ok]<br>encrypted: 40 50 B9 0F 01 00 0D 00 02 6B 3F 02 FD 33 4F 05;-114;-5;868.5;12
Tue Apr 24 2018 10:51:12 GMT+0200 (CEST);DL;7076FFFFFE010849 .DIT Kevin St_V2;010FB950;ConfDown; major=0  FCtrl:00  FCnt:13  FPort:2  len:64 [MIC Ok]<br>encrypted: A0 50 B9 0F 01 00 0D 00 02 E6 8D 6B 21 44 5D CD 68 50 12 64 84 5B 4F 02 71 C2 29 4A 65 2E 5E 2C 57 D7 7C BD BA 0B 6E 6B 4D 35 90 0A 8A 2F 19 3C 7B D3 4B 63 FA BE 42 DD B9 53 39 B0 D9 03 BF 18;;;869.525;10
MISSING DOWNLINK - MAC ERR (NOTE SENT ON SF 10 869.525)


Tue Apr 24 2018 10:57:26 GMT+0200 (CEST);UL;7076FFFFFE018839 .TCD_TEC_V2;010FB950;UnConfUp; major=0  FCtrl:00  FCnt:14  FPort:2  len:16 [MIC Ok]<br>encrypted: 40 50 B9 0F 01 00 0E 00 02 16 22 4B 4E B6 F4 6F;-91;-8;868.3;12
Tue Apr 24 2018 10:57:26 GMT+0200 (CEST);DL;7076FFFFFE018839 .TCD_TEC_V2;010FB950;ConfDown; major=0  FCtrl:00  FCnt:14  FPort:2  len:64 [MIC Ok]<br>encrypted: A0 50 B9 0F 01 00 0E 00 02 9C 8F 15 DF 08 3D 50 82 83 8A 8C 2E A4 A7 24 49 D7 0D BF 5F 60 DC FE F9 7C 92 EF 82 AA 99 C3 5C FB 54 A6 48 12 7F FC 09 C7 BE 20 D2 A8 EF 1A 43 63 84 2A AA C4 F4 8D;;;869.525;10
MISSING DOWNLINK - REASON UNKNOWN (NOTE SENT ON SF 10 869.525)


Tue Apr 24 2018 10:57:50 GMT+0200 (CEST);UL;7076FFFFFE0107D6 .UCD;010FB950;UnConfUp; major=0  FCtrl:00  FCnt:15  FPort:2  len:16 [MIC Ok]<br>encrypted: 40 50 B9 0F 01 00 0F 00 02 01 AE F0 07 0F B0 90;-121;-14;868.5;12
Tue Apr 24 2018 10:57:50 GMT+0200 (CEST);DL;7076FFFFFE018839 .TCD_TEC_V2;010FB950;ConfDown; major=0  FCtrl:00  FCnt:15  FPort:2  len:64 [MIC Ok]<br>encrypted: A0 50 B9 0F 01 00 0F 00 02 5A 12 B4 20 19 F1 F8 65 23 3D B8 77 16 B3 B9 33 A4 23 19 17 85 7B C7 E5 F9 30 AA F1 2B E9 A6 83 66 30 7A DF ED D6 D9 D7 13 28 D1 59 39 27 A8 04 B2 0A B3 BB 5D 84 FD;;;869.525;10
MISSING DOWNLINK - MAC ERR (NOTE SENT ON SF 10 869.525)


Tue Apr 24 2018 11:04:04 GMT+0200 (CEST);UL;7076FFFFFE0107CD .Croke Park;010FB950;UnConfUp; major=0  FCtrl:00  FCnt:16  FPort:2  len:16 [MIC Ok]<br>encrypted: 40 50 B9 0F 01 00 10 00 02 FE A3 01 3E B6 8F F6;-106;-2;868.3;12
Tue Apr 24 2018 11:04:05 GMT+0200 (CEST);DL;7076FFFFFE010849 .DIT Kevin St_V2;010FB950;ConfDown; major=0  FCtrl:00  FCnt:16  FPort:2  len:64 [MIC Ok]<br>encrypted: A0 50 B9 0F 01 00 10 00 02 F6 BA A1 D5 39 80 63 AA CF 32 DF 2B B8 09 B9 9B 72 B2 2B 74 FC D7 12 B5 5E 4A 87 37 91 0C D6 FE 61 E0 66 78 22 91 92 C5 57 23 94 6A FF 39 F7 34 F1 17 23 6B 3B AB 39;;;869.525;10
MISSING DOWNLINK - MAC ERR (NOTE SENT ON SF 10 869.525)


Tue Apr 24 2018 11:04:29 GMT+0200 (CEST);UL;7076FFFFFE018839 .TCD_TEC_V2;010FB950;UnConfUp; major=0  FCtrl:00  FCnt:17  FPort:2  len:16 [MIC Ok]<br>encrypted: 40 50 B9 0F 01 00 11 00 02 B5 64 AE 45 D2 A8 6A;-93;15;868.5;12
Tue Apr 24 2018 11:04:30 GMT+0200 (CEST);DL;7076FFFFFE018839 .TCD_TEC_V2;010FB950;ConfDown; major=0  FCtrl:00  FCnt:17  FPort:2  len:64 [MIC Ok]<br>encrypted: A0 50 B9 0F 01 00 11 00 02 F4 75 3B 1F 6B EB 39 93 71 67 76 05 6F 67 FF B2 50 C3 6C 44 AC 8F 91 D2 53 9C 2E 97 EF 64 3A 10 74 D1 DA 62 15 8D 0C 82 F1 E4 1C 10 4E 95 75 E0 81 02 0B 68 C4 09 86;;;869.525;10
MISSING DOWNLINK - MAC ERR (NOTE SENT ON SF 10 869.525)


Tue Apr 24 2018 11:10:44 GMT+0200 (CEST);UL;7076FFFFFE0107D6 .UCD;010FB950;UnConfUp; major=0  FCtrl:00  FCnt:18  FPort:2  len:16 [MIC Ok]<br>encrypted: 40 50 B9 0F 01 00 12 00 02 13 13 71 4E 9A 81 88;-121;-16;868.3;12
Tue Apr 24 2018 11:10:44 GMT+0200 (CEST);DL;7076FFFFFE018839 .TCD_TEC_V2;010FB950;ConfDown; major=0  FCtrl:00  FCnt:18  FPort:2  len:64 [MIC Ok]<br>encrypted: A0 50 B9 0F 01 00 12 00 02 D3 28 72 8D C8 E3 F8 D7 C6 C1 A5 FB 85 26 6D 02 5E 58 E7 B0 67 21 67 0F 2F 27 69 1F 13 BC 11 58 7F 87 D4 79 82 5F 20 2C 89 C6 12 89 D6 71 30 4D 06 2C 28 FA 46 EE EF;;;869.525;10
MISSING DOWNLINK - MAC ERR (NOTE SENT ON SF 10 869.525)


Tue Apr 24 2018 11:11:09 GMT+0200 (CEST);UL;7076FFFFFE0107D6 .UCD;010FB950;UnConfUp; major=0  FCtrl:20 [ACK]  FCnt:19  FPort:2  len:16 [MIC Ok]<br>encrypted: 40 50 B9 0F 01 20 13 00 02 5F B5 AF 06 46 E3 F1;-122;-14;868.5;12
Tue Apr 24 2018 11:11:09 GMT+0200 (CEST);DL;7076FFFFFE018839 .TCD_TEC_V2;010FB950;ConfDown; major=0  FCtrl:00  FCnt:19  FPort:2  len:64 [MIC Ok]<br>encrypted: A0 50 B9 0F 01 00 13 00 02 B8 EF B8 DB DD F2 C1 09 A4 5F A8 EE 03 44 0F F5 6E FB 47 38 FB 59 0E 07 3B 89 83 1D BA 89 B7 07 C5 07 9A 76 B9 AC 24 26 73 87 78 A4 BD B1 EE 90 DE 84 50 99 FE AC 13;;;868.5;12
DOWNLINK RECEIVED (NOT SENT ON SF 10 869.525)


Tue Apr 24 2018 11:17:23 GMT+0200 (CEST);UL;7076FFFFFE018839 .TCD_TEC_V2;010FB950;UnConfUp; major=0  FCtrl:20 [ACK]  FCnt:20  FPort:2  len:16 [MIC Ok]<br>encrypted: 40 50 B9 0F 01 20 14 00 02 7B 59 94 6F 14 B7 17;-89;-4;868.3;12
Tue Apr 24 2018 11:17:23 GMT+0200 (CEST);DL;7076FFFFFE018839 .TCD_TEC_V2;010FB950;ConfDown; major=0  FCtrl:00  FCnt:20  FPort:2  len:64 [MIC Ok]<br>encrypted: A0 50 B9 0F 01 00 14 00 02 82 CF DD B4 38 ED 5B E3 70 D9 A1 CA 2C 3D 48 B4 29 F9 81 CE 06 AF 75 64 C4 93 06 4F 86 70 2B 5D 94 72 9B E8 FF 2D F4 E1 C9 87 1F AE A6 A8 C4 97 D7 5F 35 C5 1B 3C 30;;;868.3;12
DOWNLINK RECEIVED (NOT SENT ON SF 10 869.525)

Tue Apr 24 2018 11:17:48 GMT+0200 (CEST);UL;7076FFFFFE0107D6 .UCD;010FB950;UnConfUp; major=0  FCtrl:20 [ACK]  FCnt:21  FPort:2  len:16 [MIC Ok]<br>encrypted: 40 50 B9 0F 01 20 15 00 02 F9 01 5D BC 0A 92 B9;-123;-14;868.5;12
Tue Apr 24 2018 11:17:48 GMT+0200 (CEST);DL;7076FFFFFE010849 .DIT Kevin St_V2;010FB950;ConfDown; major=0  FCtrl:00  FCnt:21  FPort:2  len:64 [MIC Ok]<br>encrypted: A0 50 B9 0F 01 00 15 00 02 79 89 33 07 62 45 3D AE 92 76 62 69 31 17 1B ED D7 D8 55 EA 02 F9 E4 38 C7 AB 7B FB 16 07 C9 B0 C3 7C A2 3E 3E 87 94 DD DA 31 36 37 72 74 E7 B8 6D AA 60 B1 D7 4F DA;;;869.525;10
DOWNLINK RECEIVED (BUT SENT ON SF 10 869.525!!!!!)

Tue Apr 24 2018 11:24:03 GMT+0200 (CEST);UL;7076FFFFFE0107CD .Croke Park;010FB950;UnConfUp; major=0  FCtrl:20 [ACK]  FCnt:22  FPort:2  len:16 [MIC Ok]<br>encrypted: 40 50 B9 0F 01 20 16 00 02 14 04 54 D5 21 01 5C;-106;-13;868.3;12
Tue Apr 24 2018 11:24:03 GMT+0200 (CEST);DL;7076FFFFFE018839 .TCD_TEC_V2;010FB950;ConfDown; major=0  FCtrl:00  FCnt:22  FPort:2  len:64 [MIC Ok]<br>encrypted: A0 50 B9 0F 01 00 16 00 02 08 D7 0B 63 7C C0 78 E7 A9 FB FF 53 B1 B8 1C A8 14 3C 78 A9 84 1F DC B5 B9 26 7E B5 B9 F8 06 A1 1A 53 0B 54 D1 A4 CE 61 5A 18 49 C0 D2 F9 45 69 7B C7 D7 11 42 FB F7;;;869.525;10
DOWNLINK RECEIVED (BUT SENT ON SF 10 869.525!!!!!)


Tue Apr 24 2018 11:24:26 GMT+0200 (CEST);UL;7076FFFFFE010849 .DIT Kevin St_V2;010FB950;UnConfUp; major=0  FCtrl:20 [ACK]  FCnt:23  FPort:2  len:16 [MIC Ok]<br>encrypted: 40 50 B9 0F 01 20 17 00 02 D2 D5 F3 EA DE AA 81;-115;-16;868.5;12
Tue Apr 24 2018 11:24:26 GMT+0200 (CEST);DL;7076FFFFFE018839 .TCD_TEC_V2;010FB950;ConfDown; major=0  FCtrl:00  FCnt:23  FPort:2  len:64 [MIC Ok]<br>encrypted: A0 50 B9 0F 01 00 17 00 02 70 B6 76 8F 3F CC 4D 36 35 D9 90 66 90 15 EB 0D A1 A2 CA 77 D5 2B 86 1C C9 60 42 32 85 BA F6 6A 33 71 19 B2 48 7A A0 B0 CB BF 73 7B C3 F4 3D F4 5F 8D A3 9D DC 45 2E;;;869.525;10
MISSING DOWNLINK - MAC ERR (NOTE SENT ON SF 10 869.525)


Tue Apr 24 2018 11:26:40 GMT+0200 (CEST);UL;7076FFFFFE018839 .TCD_TEC_V2;010FB950;UnConfUp; major=0  FCtrl:00  FCnt:24  FPort:2  len:16 [MIC Ok]<br>encrypted: 40 50 B9 0F 01 00 18 00 02 42 65 19 CF E8 2F 9C;-93;0;868.1;12
Tue Apr 24 2018 11:26:41 GMT+0200 (CEST);DL;7076FFFFFE018839 .TCD_TEC_V2;010FB950;ConfDown; major=0  FCtrl:00  FCnt:24  FPort:2  len:64 [MIC Ok]<br>encrypted: A0 50 B9 0F 01 00 18 00 02 8D 67 22 1D BA BA B3 25 34 2F 72 23 03 48 91 F8 8E 17 89 AC 4C 4D FE 94 92 6F F8 19 81 51 EA 05 97 E0 A8 EE 4C 96 BC 92 03 2C 05 E8 70 0A AC F9 C8 23 1B 18 CF 3C 52;;;868.1;12
DOWNLINK RECEIVED (NOT SENT ON SF 10 869.525)

Tue Apr 24 2018 11:30:40 GMT+0200 (CEST);UL;7076FFFFFE0107CD .Croke Park;010FB950;UnConfUp; major=0  FCtrl:20 [ACK]  FCnt:25  FPort:2  len:16 [MIC Ok]<br>encrypted: 40 50 B9 0F 01 20 19 00 02 0F 94 EF CE 0E 9D 7D;-106;-10;868.3;12
Tue Apr 24 2018 11:30:40 GMT+0200 (CEST);DL;7076FFFFFE018839 .TCD_TEC_V2;010FB950;ConfDown; major=0  FCtrl:00  FCnt:25  FPort:2  len:64 [MIC Ok]<br>encrypted: A0 50 B9 0F 01 00 19 00 02 49 AF E6 FC 04 22 49 E7 EA 76 05 F5 3A 48 38 FB 81 5C B3 52 69 C4 D5 1E 31 B3 85 97 11 3A 3D 01 9C 03 E9 0B 5D 7A 3F FD 96 9D D2 A8 70 4E 47 6E FC 84 BE 38 94 8F E0;;;868.3;12
DOWNLINK RECEIVED (NOT SENT ON SF 10 869.525)


Tue Apr 24 2018 11:31:07 GMT+0200 (CEST);UL;7076FFFFFE018839 .TCD_TEC_V2;010FB950;UnConfUp; major=0  FCtrl:20 [ACK]  FCnt:26  FPort:2  len:16 [MIC Ok]<br>encrypted: 40 50 B9 0F 01 20 1A 00 02 31 8D 93 5C 3E EB 73;-91;15;868.5;12
Tue Apr 24 2018 11:31:07 GMT+0200 (CEST);DL;7076FFFFFE018839 .TCD_TEC_V2;010FB950;ConfDown; major=0  FCtrl:00  FCnt:26  FPort:2  len:64 [MIC Ok]<br>encrypted: A0 50 B9 0F 01 00 1A 00 02 97 CE 70 F9 64 5B 36 6E 87 A5 6A 5E A8 2B E2 3B 6A 26 3E FD E9 CB 08 88 FE 5C B1 22 E1 C7 E1 58 29 38 E4 26 8F 1E BB 13 32 22 D2 12 58 C2 61 B8 D4 E4 53 35 B8 4B 15;;;868.5;12
DOWNLINK RECEIVED (NOT SENT ON SF 10 869.525)


Tue Apr 24 2018 11:33:21 GMT+0200 (CEST);UL;7076FFFFFE0107D6 .UCD;010FB950;UnConfUp; major=0  FCtrl:20 [ACK]  FCnt:27  FPort:2  len:16 [MIC Ok]<br>encrypted: 40 50 B9 0F 01 20 1B 00 02 93 26 57 4C B6 B0 10;-117;-15;868.1;12
Tue Apr 24 2018 11:33:21 GMT+0200 (CEST);DL;7076FFFFFE018839 .TCD_TEC_V2;010FB950;ConfDown; major=0  FCtrl:00  FCnt:27  FPort:2  len:64 [MIC Ok]<br>encrypted: A0 50 B9 0F 01 00 1B 00 02 C9 1E E3 ED 68 D5 AE 95 83 30 1F 69 32 A7 41 64 59 11 8D 7E 6C 01 75 28 7F 4E 7B E9 10 55 57 A1 84 F2 95 42 D6 50 C2 58 F8 4F BD 83 B0 94 3B A4 47 30 13 69 58 24 1E;;;868.1;12
DOWNLINK RECEIVED (NOT SENT ON SF 10 869.525)


Tue Apr 24 2018 11:37:20 GMT+0200 (CEST);UL;7076FFFFFE010849 .DIT Kevin St_V2;010FB950;UnConfUp; major=0  FCtrl:20 [ACK]  FCnt:28  FPort:2  len:16 [MIC Ok]<br>encrypted: 40 50 B9 0F 01 20 1C 00 02 37 B9 53 5A 46 2B 62;-116;-20;868.3;12
Tue Apr 24 2018 11:37:20 GMT+0200 (CEST);DL;7076FFFFFE018839 .TCD_TEC_V2;010FB950;ConfDown; major=0  FCtrl:00  FCnt:28  FPort:2  len:64 [MIC Ok]<br>encrypted: A0 50 B9 0F 01 00 1C 00 02 67 43 70 A6 F3 EF 19 7A 5E E0 97 DD 72 94 9C ED D8 DA 32 FE 11 B3 48 04 6E B4 A7 24 17 11 31 C5 59 4F 26 F9 D5 28 BF 79 7C A5 D3 24 F6 69 A6 22 08 0C 4D 53 AF 26 02;;;868.3;12
DOWNLINK RECEIVED (NOT SENT ON SF 10 869.525)


Tue Apr 24 2018 11:37:45 GMT+0200 (CEST);UL;7076FFFFFE010849 .DIT Kevin St_V2;010FB950;UnConfUp; major=0  FCtrl:20 [ACK]  FCnt:29  FPort:2  len:16 [MIC Ok]<br>encrypted: 40 50 B9 0F 01 20 1D 00 02 A9 C2 57 43 50 6C 67;-112;-13;868.5;12
Tue Apr 24 2018 11:37:45 GMT+0200 (CEST);DL;7076FFFFFE010849 .DIT Kevin St_V2;010FB950;ConfDown; major=0  FCtrl:00  FCnt:29  FPort:2  len:64 [MIC Ok]<br>encrypted: A0 50 B9 0F 01 00 1D 00 02 BF E9 5E 61 DD 59 3D 1B 4C 4C A8 50 95 B1 07 58 F8 7C 71 7F 41 CF 0E C2 59 76 80 4A 4F 4A 43 08 30 98 43 E2 4D EE E5 F5 A2 39 57 A6 87 24 9D EF 26 B6 78 99 60 06 04;;;869.525;10
MISSING DOWNLINK - MAC ERR (NOTE SENT ON SF 10 869.525)


Tue Apr 24 2018 11:39:59 GMT+0200 (CEST);UL;7076FFFFFE018839 .TCD_TEC_V2;010FB950;UnConfUp; major=0  FCtrl:00  FCnt:30  FPort:2  len:16 [MIC Ok]<br>encrypted: 40 50 B9 0F 01 00 1E 00 02 43 30 B2 AF 9D AE E8;-95;-2;868.1;12
Tue Apr 24 2018 11:39:59 GMT+0200 (CEST);DL;7076FFFFFE0107CD .Croke Park;010FB950;ConfDown; major=0  FCtrl:00  FCnt:30  FPort:2  len:64 [MIC Ok]<br>encrypted: A0 50 B9 0F 01 00 1E 00 02 3A 55 55 63 DD 94 84 1B 2B A2 9B 02 00 7A 3E 5F 7B 62 14 35 E2 70 2B 23 C2 8C 5A 3B 2F F2 B5 08 52 6D BD 94 A6 5B 07 77 86 26 6B C3 EB 8A F7 92 0E 61 34 6F C3 71 09;;;868.1;12
MISSING DOWNLINK - MAC ERR (BUT NOT SENT ON SF 10 869.525)


Tue Apr 24 2018 11:43:58 GMT+0200 (CEST);UL;7076FFFFFE0107D6 .UCD;010FB950;UnConfUp; major=0  FCtrl:00  FCnt:31  FPort:2  len:16 [MIC Ok]<br>encrypted: 40 50 B9 0F 01 00 1F 00 02 E3 B4 0F E4 13 BD A6;-122;-24;868.3;12
Tue Apr 24 2018 11:43:58 GMT+0200 (CEST);DL;7076FFFFFE018839 .TCD_TEC_V2;010FB950;ConfDown; major=0  FCtrl:00  FCnt:31  FPort:2  len:64 [MIC Ok]<br>encrypted: A0 50 B9 0F 01 00 1F 00 02 0B C5 CB 40 1A B2 7B 05 BF 57 69 BD 52 07 D6 ED C6 24 51 6B 98 7A 6B FA 21 41 C4 52 2A BC 20 2E FC 32 8D AE B2 47 56 CF 8A 22 4B A5 E6 74 43 83 72 30 5B 34 20 63 A4;;;869.525;10
MISSING DOWNLINK - MAC ERR (NOTE SENT ON SF 10 869.525)


Tue Apr 24 2018 11:44:23 GMT+0200 (CEST);UL;7076FFFFFE010849 .DIT Kevin St_V2;010FB950;UnConfUp; major=0  FCtrl:00  FCnt:32  FPort:2  len:16 [MIC Ok]<br>encrypted: 40 50 B9 0F 01 00 20 00 02 D1 97 62 7A A0 83 17;-120;-23;868.5;12
Tue Apr 24 2018 11:44:23 GMT+0200 (CEST);DL;7076FFFFFE018839 .TCD_TEC_V2;010FB950;ConfDown; major=0  FCtrl:00  FCnt:32  FPort:2  len:64 [MIC Ok]<br>encrypted: A0 50 B9 0F 01 00 20 00 02 0B 93 B3 EA 94 12 B7 03 F0 68 D6 0A 80 2D 48 EF 7A 05 02 0B 32 AF 8C 31 3C 44 9B 8D 2A 73 16 B5 EE D9 FB BA 05 FC C8 42 B4 C4 6D F9 B5 F3 30 F3 FD 5D F5 0C 4D 25 51;;;869.525;10
DOWNLINK RECEIVED (BUT SENT ON SF 10 869.525)


Tue Apr 24 2018 11:46:38 GMT+0200 (CEST);UL;7076FFFFFE0107D6 .UCD;010FB950;UnConfUp; major=0  FCtrl:20 [ACK]  FCnt:33  FPort:2  len:16 [MIC Ok]<br>encrypted: 40 50 B9 0F 01 20 21 00 02 CF D4 79 12 34 0D B0;-117;-11;868.1;12
Tue Apr 24 2018 11:46:38 GMT+0200 (CEST);DL;7076FFFFFE018839 .TCD_TEC_V2;010FB950;ConfDown; major=0  FCtrl:00  FCnt:33  FPort:2  len:64 [MIC Ok]<br>encrypted: A0 50 B9 0F 01 00 21 00 02 00 B8 D9 79 79 BB F1 28 61 4C C8 16 E1 AE FA 37 AD CD 55 86 06 42 78 27 83 99 39 84 9F 65 2D ED 0E 27 BF 80 18 A3 58 CB 72 72 92 03 CC BA B5 55 5B 50 97 7E 78 CD AB;;;868.1;12
DOWNLINK RECEIVED (NOT SENT ON SF 10 869.525)


Tue Apr 24 2018 11:50:37 GMT+0200 (CEST);UL;7076FFFFFE0107CD .Croke Park;010FB950;UnConfUp; major=0  FCtrl:20 [ACK]  FCnt:34  FPort:2  len:16 [MIC Ok]<br>encrypted: 40 50 B9 0F 01 20 22 00 02 F5 A3 7F D6 67 FD 54;-105;-4;868.3;12
Tue Apr 24 2018 11:50:38 GMT+0200 (CEST);DL;7076FFFFFE018839 .TCD_TEC_V2;010FB950;ConfDown; major=0  FCtrl:00  FCnt:34  FPort:2  len:64 [MIC Ok]<br>encrypted: A0 50 B9 0F 01 00 22 00 02 88 9A 27 D7 B5 5D 8D 11 84 D1 B7 E3 8B B8 85 22 08 7C A1 44 DA 1D 7A 1E 4E 7E 77 A2 7D A4 C1 44 2A 65 D8 8C 1C F6 54 72 DF F7 C3 E2 47 32 8B 8F F8 82 9F 7E ED 71 A2;;;868.3;12
DOWNLINK RECEIVED (NOT SENT ON SF 10 869.525)


Tue Apr 24 2018 11:51:02 GMT+0200 (CEST);UL;7076FFFFFE0107CD .Croke Park;010FB950;UnConfUp; major=0  FCtrl:20 [ACK]  FCnt:35  FPort:2  len:16 [MIC Ok]<br>encrypted: 40 50 B9 0F 01 20 23 00 02 93 E3 39 6D 27 73 D1;-106;-3;868.5;12
Tue Apr 24 2018 11:51:02 GMT+0200 (CEST);DL;7076FFFFFE0107CD .Croke Park;010FB950;ConfDown; major=0  FCtrl:00  FCnt:35  FPort:2  len:64 [MIC Ok]<br>encrypted: A0 50 B9 0F 01 00 23 00 02 71 53 71 42 77 F0 2F F8 AC AB 8C 8B F5 0F 7E A4 ED 2B 61 B4 15 DB 60 B8 80 67 62 35 56 6B D4 D7 A0 46 C3 33 CE A3 05 FB 3A 8D A6 4E 03 2B 69 31 EE DA EB 1B A4 40 DE;;;869.525;10
MISSING DOWNLINK - MAC ERR (NOTE SENT ON SF 10 869.525)


Tue Apr 24 2018 11:53:16 GMT+0200 (CEST);UL;7076FFFFFE0107CD .Croke Park;010FB950;UnConfUp; major=0  FCtrl:00  FCnt:36  FPort:2  len:16 [MIC Ok]<br>encrypted: 40 50 B9 0F 01 00 24 00 02 F8 36 C9 B9 F7 C8 D2;-108;-9;868.1;12
Tue Apr 24 2018 11:53:17 GMT+0200 (CEST);DL;7076FFFFFE018839 .TCD_TEC_V2;010FB950;ConfDown; major=0  FCtrl:00  FCnt:36  FPort:2  len:64 [MIC Ok]<br>encrypted: A0 50 B9 0F 01 00 24 00 02 AD 6C B6 D5 57 23 8D CF 19 9B FD D2 3B 10 C4 DB 96 63 A2 2E 0E EC A1 F8 EC 3D D2 22 20 BA 6A 66 44 4C 61 59 A2 26 16 DD C5 F7 E1 AF B7 54 69 EE 29 13 52 F6 2C 2A 1B;;;869.525;10
MISSING DOWNLINK - MAC ERR (NOTE SENT ON SF 10 869.525)


Tue Apr 24 2018 11:57:16 GMT+0200 (CEST);UL;7076FFFFFE010849 .DIT Kevin St_V2;010FB950;UnConfUp; major=0  FCtrl:00  FCnt:37  FPort:2  len:16 [MIC Ok]<br>encrypted: 40 50 B9 0F 01 00 25 00 02 6D 53 A1 0F AA 14 D2;-113;-15;868.3;12
Tue Apr 24 2018 11:57:16 GMT+0200 (CEST);DL;7076FFFFFE018839 .TCD_TEC_V2;010FB950;ConfDown; major=0  FCtrl:00  FCnt:37  FPort:2  len:64 [MIC Ok]<br>encrypted: A0 50 B9 0F 01 00 25 00 02 AA 4E 3C 27 6D F8 96 EB 53 71 CC 34 C4 7B AE 9D 4E 41 D3 BB 44 87 DD C7 B0 13 08 3F BC 4B D5 B6 BD CA 03 8F 0E 31 44 F9 2F 95 8E 4E 00 B7 47 2D 50 C2 77 C3 5E D6 83;;;869.525;10
MISSING DOWNLINK - MAC ERR (NOTE SENT ON SF 10 869.525)


Tue Apr 24 2018 11:57:41 GMT+0200 (CEST);UL;7076FFFFFE0107D6 .UCD;010FB950;UnConfUp; major=0  FCtrl:00  FCnt:38  FPort:2  len:16 [MIC Ok]<br>encrypted: 40 50 B9 0F 01 00 26 00 02 9C 2F 6A 31 8E 32 F9;-119;-9;868.5;12
Tue Apr 24 2018 11:57:41 GMT+0200 (CEST);DL;7076FFFFFE018839 .TCD_TEC_V2;010FB950;ConfDown; major=0  FCtrl:00  FCnt:38  FPort:2  len:64 [MIC Ok]<br>encrypted: A0 50 B9 0F 01 00 26 00 02 5B 9A 01 74 5C 44 F1 6F 63 F5 31 25 38 15 E9 8B 2C F4 2A 53 3E 2E 8B 0A 22 60 01 0B 66 89 35 BE C9 CA 08 BE 14 CD 7B 79 8B E8 3E 4C 65 B3 8C 4C 38 79 E8 57 1B B6 D8;;;868.5;12
DOWNLINK RECEIVED (NOT SENT ON SF 10 869.525)

Tue Apr 24 2018 11:59:55 GMT+0200 (CEST);UL;7076FFFFFE0107CD .Croke Park;010FB950;UnConfUp; major=0  FCtrl:20 [ACK]  FCnt:39  FPort:2  len:16 [MIC Ok]<br>encrypted: 40 50 B9 0F 01 20 27 00 02 D3 4B C7 C2 89 31 23;-104;-3;868.1;12
Tue Apr 24 2018 11:59:55 GMT+0200 (CEST);DL;7076FFFFFE010849 .DIT Kevin St_V2;010FB950;ConfDown; major=0  FCtrl:00  FCnt:39  FPort:2  len:64 [MIC Ok]<br>encrypted: A0 50 B9 0F 01 00 27 00 02 1B F2 CF 0A 85 15 B0 02 EC 83 6F 47 E6 3C 93 1C EE 7D 91 08 CC 3C 07 9D E1 17 A8 04 14 58 1E 2A B9 E5 A0 FC B3 9F 14 58 65 D3 A2 0F C8 15 C3 61 19 35 E9 5E 94 79 5A;;;869.525;10
MISSING DOWNLINK - MAC ERR (NOTE SENT ON SF 10 869.525)


Tue Apr 24 2018 12:03:55 GMT+0200 (CEST);UL;7076FFFFFE0107CD .Croke Park;010FB950;UnConfUp; major=0  FCtrl:00  FCnt:40  FPort:2  len:16 [MIC Ok]<br>encrypted: 40 50 B9 0F 01 00 28 00 02 63 EF 65 FB 7E 09 60;-103;-6;868.3;12
Tue Apr 24 2018 12:03:55 GMT+0200 (CEST);DL;7076FFFFFE010849 .DIT Kevin St_V2;010FB950;ConfDown; major=0  FCtrl:00  FCnt:40  FPort:2  len:64 [MIC Ok]<br>encrypted: A0 50 B9 0F 01 00 28 00 02 61 0C 19 29 3B 3C D0 CC DE 8A 77 05 80 8D 62 21 70 3F 81 0B 30 6C B4 A1 E1 3E E0 37 CC 88 A0 9A F1 AA C0 AF 21 6F 60 86 B9 D5 F1 CA A5 17 BF 60 87 65 50 07 84 82 86;;;869.525;10
DOWNLINK RECEIVED (BUT SENT ON SF 10 869.525)


Tue Apr 24 2018 12:04:20 GMT+0200 (CEST);UL;7076FFFFFE0107CD .Croke Park;010FB950;UnConfUp; major=0  FCtrl:20 [ACK]  FCnt:41  FPort:2  len:16 [MIC Ok]<br>encrypted: 40 50 B9 0F 01 20 29 00 02 A5 5E 41 BC 04 64 66;-106;-2;868.5;12
Tue Apr 24 2018 12:04:21 GMT+0200 (CEST);DL;7076FFFFFE0107CD .Croke Park;010FB950;ConfDown; major=0  FCtrl:00  FCnt:41  FPort:2  len:64 [MIC Ok]<br>encrypted: A0 50 B9 0F 01 00 29 00 02 F6 5F 58 88 0D 3B FB FA BF FD 4C 88 D9 1C 0E C5 FF 2E D2 08 70 21 F4 C7 F6 FA B5 1C E8 00 C3 3A 8A E2 45 67 00 AB A0 08 E1 14 E4 80 1D 58 CD E7 31 2E C2 0E D1 00 F1;;;869.525;10
DOWNLINK RECEIVED (BUT SENT ON SF 10 869.525)


Tue Apr 24 2018 12:06:35 GMT+0200 (CEST);UL;7076FFFFFE0107D6 .UCD;010FB950;UnConfUp; major=0  FCtrl:20 [ACK]  FCnt:42  FPort:2  len:16 [MIC Ok]<br>encrypted: 40 50 B9 0F 01 20 2A 00 02 42 E6 D2 65 A7 4F 1E;-122;-14;868.1;12
Tue Apr 24 2018 12:06:36 GMT+0200 (CEST);DL;7076FFFFFE0107CD .Croke Park;010FB950;ConfDown; major=0  FCtrl:0C  FCnt:42  FOpts:0703586E84500704184F8450  NewChannelReq(ChIndex:3  Frequency:8679000 [867.9MHz]  MaxDR:5  MinDR:0)  NewChannelReq(ChIndex:4  Frequency:8671000 [867.1MHz]  MaxDR:5  MinDR:0)  FPort:2  len:60 [MIC Ok]<br>encrypted: A0 50 B9 0F 01 0C 2A 00 07 03 58 6E 84 50 07 04 18 4F 84 50 02 9E AF 67 1E F0 39 19 7C B1 DC A4 E1 F6 AB 55 D5 E1 09 55 BE E8 68 F4 83 6A FB 45 F5 1F C0 E7 0A B5 ED 3C 62 9F 45 C8;;;869.525;10
MISSING DOWNLINK - MAC ERR (NOTE SENT ON SF 10 869.525)


Tue Apr 24 2018 12:10:35 GMT+0200 (CEST);UL;7076FFFFFE0107CD .Croke Park;010FB950;UnConfUp; major=0  FCtrl:00  FCnt:43  FPort:2  len:16 [MIC Ok]<br>encrypted: 40 50 B9 0F 01 00 2B 00 02 E7 D6 C9 D9 8D 8A 71;-105;-3;868.3;12
Tue Apr 24 2018 12:10:36 GMT+0200 (CEST);DL;7076FFFFFE0107CD .Croke Park;010FB950;ConfDown; major=0  FCtrl:00  FCnt:43  FPort:2  len:64 [MIC Ok]<br>encrypted: A0 50 B9 0F 01 00 2B 00 02 54 91 59 76 F4 99 27 C3 9D 54 05 E8 6B CD 60 18 03 D8 C6 A9 E6 A6 25 43 EB 6E 22 7D 32 9B 12 73 F8 AF D4 3D E6 7C 21 7D D4 41 C8 15 82 B6 3F 92 FD EA 58 E3 9A 0D B5;;;868.3;12
DOWNLINK RECEIVED (NOT SENT ON SF 10 869.525)


Tue Apr 24 2018 12:11:00 GMT+0200 (CEST);UL;7076FFFFFE010849 .DIT Kevin St_V2;010FB950;UnConfUp; major=0  FCtrl:20 [ACK]  FCnt:44  FPort:2  len:16 [MIC Ok]<br>encrypted: 40 50 B9 0F 01 20 2C 00 02 58 6E 38 6D 6D 95 EC;-121;-23;868.5;12
Tue Apr 24 2018 12:11:00 GMT+0200 (CEST);DL;7076FFFFFE018839 .TCD_TEC_V2;010FB950;ConfDown; major=0  FCtrl:00  FCnt:44  FPort:2  len:64 [MIC Ok]<br>encrypted: A0 50 B9 0F 01 00 2C 00 02 BF 3A FF 85 FD 41 E2 EE 74 0E 0A DB 60 B5 EE 24 51 91 64 C3 A5 8A 0B 7C D4 C5 25 9A 19 1D 83 1A E0 34 73 BB 89 C3 CE 02 68 8F CC B7 14 B9 7C A4 1B F2 05 FF BB B7 BA;;;869.525;10
DOWNLINK RECEIVED (BUT SENT ON SF 10 869.525)


Tue Apr 24 2018 12:13:13 GMT+0200 (CEST);UL;7076FFFFFE010849 .DIT Kevin St_V2;010FB950;UnConfUp; major=0  FCtrl:20 [ACK]  FCnt:45  FPort:2  len:16 [MIC Ok]<br>encrypted: 40 50 B9 0F 01 20 2D 00 02 81 C9 C2 C7 F7 22 F0;-116;-18;868.1;12
Tue Apr 24 2018 12:13:13 GMT+0200 (CEST);DL;7076FFFFFE018839 .TCD_TEC_V2;010FB950;ConfDown; major=0  FCtrl:00  FCnt:45  FPort:2  len:64 [MIC Ok]<br>encrypted: A0 50 B9 0F 01 00 2D 00 02 AF EA 37 45 93 3F 0C 30 38 6B 87 BB 2B 50 5B CF B5 36 E7 AC AD 27 37 F9 09 F5 09 26 0B EF 04 5F 14 7F 8B 2E EB C4 86 82 11 01 CC 32 C2 50 C8 FF 8E 41 45 A7 85 A8 09;;;869.525;10
MISSING DOWNLINK - MAC ERR (NOTE SENT ON SF 10 869.525)


Tue Apr 24 2018 12:17:13 GMT+0200 (CEST);UL;7076FFFFFE018839 .TCD_TEC_V2;010FB950;UnConfUp; major=0  FCtrl:00  FCnt:46  FPort:2  len:16 [MIC Ok]<br>encrypted: 40 50 B9 0F 01 00 2E 00 02 E0 5E FB 97 A8 FD 04;-92;-3;868.3;12
Tue Apr 24 2018 12:17:13 GMT+0200 (CEST);DL;7076FFFFFE018839 .TCD_TEC_V2;010FB950;ConfDown; major=0  FCtrl:00  FCnt:46  FPort:2  len:64 [MIC Ok]<br>encrypted: A0 50 B9 0F 01 00 2E 00 02 07 C8 35 2D 62 97 37 F6 76 9C C5 6B 11 95 FE 11 18 84 5F F1 7A 6A 85 F2 2B 26 6E 24 4B F4 8E DF 32 E6 E5 18 C5 23 10 DD 05 C7 C4 E1 39 62 89 B3 00 C3 CE 48 9C 68 30;;;869.525;10
DOWNLINK RECEIVED (BUT SENT ON SF 10 869.525)


Tue Apr 24 2018 12:17:38 GMT+0200 (CEST);UL;7076FFFFFE0107D6 .UCD;010FB950;UnConfUp; major=0  FCtrl:20 [ACK]  FCnt:47  FPort:2  len:16 [MIC Ok]<br>encrypted: 40 50 B9 0F 01 20 2F 00 02 23 7C 02 AA 4F 36 BF;-122;-15;868.5;12
Tue Apr 24 2018 12:17:38 GMT+0200 (CEST);DL;7076FFFFFE018839 .TCD_TEC_V2;010FB950;ConfDown; major=0  FCtrl:00  FCnt:47  FPort:2  len:64 [MIC Ok]<br>encrypted: A0 50 B9 0F 01 00 2F 00 02 9B 8E 0C 15 FD 17 B2 2C B4 84 3E 93 71 33 C7 88 67 CC F1 B6 21 13 91 F7 D7 FD 58 D9 DB D4 2D 66 3A DC 32 3D 4F 0D 75 AE 56 26 B9 8C B4 BB 57 F2 CE 88 64 7B A2 13 21;;;868.5;12
DOWNLINK RECEIVED (NOT SENT ON SF 10 869.525)


Tue Apr 24 2018 12:19:52 GMT+0200 (CEST);UL;7076FFFFFE0107D6 .UCD;010FB950;UnConfUp; major=0  FCtrl:20 [ACK]  FCnt:48  FPort:2  len:16 [MIC Ok]<br>encrypted: 40 50 B9 0F 01 20 30 00 02 01 8A 5F E5 0A C5 E1;-127;-12;868.1;12
Tue Apr 24 2018 12:19:52 GMT+0200 (CEST);DL;7076FFFFFE010849 .DIT Kevin St_V2;010FB950;ConfDown; major=0  FCtrl:00  FCnt:48  FPort:2  len:64 [MIC Ok]<br>encrypted: A0 50 B9 0F 01 00 30 00 02 FD 87 ED C7 D3 ED 74 4D 14 F9 E1 66 F1 17 ED 92 3A C4 AF CF D9 1F E8 75 81 AB 5E 30 E1 EC C7 F6 62 34 55 A8 6F 4C 84 DA 62 68 C5 EE 31 7B 75 74 70 1C 73 81 4E 12 E1;;;869.525;10
DOWNLINK RECEIVED (BUT SENT ON SF 10 869.525)


Tue Apr 24 2018 12:23:53 GMT+0200 (CEST);UL;7076FFFFFE0107CD .Croke Park;010FB950;UnConfUp; major=0  FCtrl:20 [ACK]  FCnt:49  FPort:2  len:16 [MIC Ok]<br>encrypted: 40 50 B9 0F 01 20 31 00 02 AC 60 16 05 30 AB 19;-106;-9;868.3;12
Tue Apr 24 2018 12:23:53 GMT+0200 (CEST);DL;7076FFFFFE018839 .TCD_TEC_V2;010FB950;ConfDown; major=0  FCtrl:00  FCnt:49  FPort:2  len:64 [MIC Ok]<br>encrypted: A0 50 B9 0F 01 00 31 00 02 A0 5D A8 13 B4 88 2B 1F 4F FA 9D 19 95 01 C0 BE B8 6F FD 1B 06 4A 4E FF F7 B6 E7 80 40 12 30 07 31 30 65 3A 0E BF 9C D4 5D 3E 4E 99 C8 3A CF BB 0B 77 27 32 13 53 85;;;868.3;12
DOWNLINK RECEIVED (NOT SENT ON SF 10 869.525)


Tue Apr 24 2018 12:24:17 GMT+0200 (CEST);UL;7076FFFFFE018839 .TCD_TEC_V2;010FB950;UnConfUp; major=0  FCtrl:20 [ACK]  FCnt:50  FPort:2  len:16 [MIC Ok]<br>encrypted: 40 50 B9 0F 01 20 32 00 02 82 B1 05 5A 84 1E B5;-91;15;868.5;12
Tue Apr 24 2018 12:24:17 GMT+0200 (CEST);DL;7076FFFFFE018839 .TCD_TEC_V2;010FB950;ConfDown; major=0  FCtrl:00  FCnt:50  FPort:2  len:64 [MIC Ok]<br>encrypted: A0 50 B9 0F 01 00 32 00 02 AA FA B4 04 9F FC 04 2B FE 96 4C 33 0A 56 B6 61 13 B5 C2 9D 1D DA 1A 73 30 00 95 86 46 E3 EC 9B B1 45 26 E7 CD CD C1 3A 77 89 A5 26 1C 05 EF 36 82 EB 3A 07 EA 52 0C;;;868.5;12
DOWNLINK RECEIVED (NOT SENT ON SF 10 869.525)


Tue Apr 24 2018 12:26:31 GMT+0200 (CEST);UL;7076FFFFFE0107D6 .UCD;010FB950;UnConfUp; major=0  FCtrl:20 [ACK]  FCnt:51  FPort:2  len:16 [MIC Ok]<br>encrypted: 40 50 B9 0F 01 20 33 00 02 7D A9 F5 ED D4 C9 3E;-119;-18;868.1;12
Tue Apr 24 2018 12:26:32 GMT+0200 (CEST);DL;7076FFFFFE018839 .TCD_TEC_V2;010FB950;ConfDown; major=0  FCtrl:00  FCnt:51  FPort:2  len:64 [MIC Ok]<br>encrypted: A0 50 B9 0F 01 00 33 00 02 8A 7A 38 E9 42 97 53 BD AC 37 85 C0 9F 9F 8C A4 1E 14 39 7D 52 B1 D8 64 0A 50 43 AA 9C 72 16 1A BE 45 91 E3 34 7A 0D 43 BB 27 E8 0B EB 98 A1 C6 86 6E A0 A3 8E 63 37;;;868.1;12
DOWNLINK RECEIVED (NOT SENT ON SF 10 869.525)


Tue Apr 24 2018 12:30:31 GMT+0200 (CEST);UL;7076FFFFFE0107D6 .UCD;010FB950;UnConfUp; major=0  FCtrl:20 [ACK]  FCnt:52  FPort:2  len:16 [MIC Ok]<br>encrypted: 40 50 B9 0F 01 20 34 00 02 C9 17 36 AB 3E F3 14;-123;-20;868.3;12
Tue Apr 24 2018 12:30:31 GMT+0200 (CEST);DL;7076FFFFFE018839 .TCD_TEC_V2;010FB950;ConfDown; major=0  FCtrl:00  FCnt:52  FPort:2  len:64 [MIC Ok]<br>encrypted: A0 50 B9 0F 01 00 34 00 02 CB 9C 74 E9 46 59 59 48 F5 CB 29 D4 1C 68 40 D7 83 C7 46 3F 65 13 E7 22 C5 15 51 CA 47 B4 C3 2B EA F9 BC 51 7D AA 5F 20 C2 D9 F6 44 9F 6E 19 61 B6 0E F9 09 83 EA C9;;;868.3;12
DOWNLINK RECEIVED (NOT SENT ON SF 10 869.525)


Tue Apr 24 2018 12:30:55 GMT+0200 (CEST);UL;7076FFFFFE0107CD .Croke Park;010FB950;UnConfUp; major=0  FCtrl:20 [ACK]  FCnt:53  FPort:2  len:16 [MIC Ok]<br>encrypted: 40 50 B9 0F 01 20 35 00 02 6C 7E 1E EA 8B F5 45;-111;-4;868.5;12
Tue Apr 24 2018 12:30:56 GMT+0200 (CEST);DL;7076FFFFFE0107CD .Croke Park;010FB950;ConfDown; major=0  FCtrl:00  FCnt:53  FPort:2  len:64 [MIC Ok]<br>encrypted: A0 50 B9 0F 01 00 35 00 02 BC F0 C0 E6 48 F4 5E 19 C3 99 FB 9B 9D 12 87 6D D8 17 85 0A D4 0E 28 AE 6C F2 B6 02 1F 24 37 11 EC 48 26 06 85 A8 1E B1 EA 4B CC 65 7E 43 0A 8D 6C 4B 48 44 F9 04 43;;;869.525;10
MISSING DOWNLINK - MAC ERR (NOTE SENT ON SF 10 869.525)


Tue Apr 24 2018 12:33:10 GMT+0200 (CEST);UL;7076FFFFFE018839 .TCD_TEC_V2;010FB950;UnConfUp; major=0  FCtrl:00  FCnt:54  FPort:2  len:16 [MIC Ok]<br>encrypted: 40 50 B9 0F 01 00 36 00 02 EC 01 0C AA BC F0 7F;-98;-12;868.1;12
Tue Apr 24 2018 12:33:10 GMT+0200 (CEST);DL;7076FFFFFE018839 .TCD_TEC_V2;010FB950;ConfDown; major=0  FCtrl:00  FCnt:54  FPort:2  len:64 [MIC Ok]<br>encrypted: A0 50 B9 0F 01 00 36 00 02 29 27 C1 3E 88 44 8C D2 D7 0A 95 38 2A AE CC 50 B6 20 A1 54 3E 45 7F 4B A0 6F A1 74 2D 5D 27 D1 9B CC FE 7B 87 54 7C 40 5C 4A B3 66 91 56 D0 7E 5C 51 70 A1 D8 7F 24;;;869.525;10
MISSING DOWNLINK - MAC ERR (NOTE SENT ON SF 10 869.525)


Tue Apr 24 2018 12:37:10 GMT+0200 (CEST);UL;7076FFFFFE0107CD .Croke Park;010FB950;UnConfUp; major=0  FCtrl:00  FCnt:55  FPort:2  len:16 [MIC Ok]<br>encrypted: 40 50 B9 0F 01 00 37 00 02 19 E3 AA 8B 27 6F 59;-107;-1;868.3;12
Tue Apr 24 2018 12:37:10 GMT+0200 (CEST);DL;7076FFFFFE018839 .TCD_TEC_V2;010FB950;ConfDown; major=0  FCtrl:00  FCnt:55  FPort:2  len:64 [MIC Ok]<br>encrypted: A0 50 B9 0F 01 00 37 00 02 5A 07 9E BC 36 1E 87 35 BE 61 10 E9 6E 5B BB FA DE E2 D5 6E FF FB 79 4F B9 B7 B5 BA 57 AF F4 07 41 9B 5A 82 C2 73 4D 2F 61 F0 A6 33 26 73 67 23 0E E8 FF 32 0D FB 59;;;869.525;10
MISSING DOWNLINK - MAC ERR (NOTE SENT ON SF 10 869.525)


Tue Apr 24 2018 12:37:34 GMT+0200 (CEST);UL;7076FFFFFE010849 .DIT Kevin St_V2;010FB950;UnConfUp; major=0  FCtrl:00  FCnt:56  FPort:2  len:16 [MIC Ok]<br>encrypted: 40 50 B9 0F 01 00 38 00 02 4D 45 A1 37 E5 33 25;-115;-9;868.5;12
Tue Apr 24 2018 12:37:35 GMT+0200 (CEST);DL;7076FFFFFE018839 .TCD_TEC_V2;010FB950;ConfDown; major=0  FCtrl:00  FCnt:56  FPort:2  len:64 [MIC Ok]<br>encrypted: A0 50 B9 0F 01 00 38 00 02 11 71 71 D4 BF 04 C4 63 5D DF 38 5C 91 08 86 A9 D8 03 1C BE F8 B2 C6 63 EE BB 8C 91 B6 7A 9A 41 1D 59 74 38 E4 A5 94 84 7C CB 7F 8D 73 81 43 66 E0 B5 4A AF C7 01 49;;;868.5;12
DOWNLINK RECEIVED (NOT SENT ON SF 10 869.525)


Tue Apr 24 2018 12:39:49 GMT+0200 (CEST);UL;7076FFFFFE018839 .TCD_TEC_V2;010FB950;UnConfUp; major=0  FCtrl:20 [ACK]  FCnt:57  FPort:2  len:16 [MIC Ok]<br>encrypted: 40 50 B9 0F 01 20 39 00 02 30 C2 A7 94 DD 01 0E;-103;-10;868.1;12
Tue Apr 24 2018 12:39:49 GMT+0200 (CEST);DL;7076FFFFFE018839 .TCD_TEC_V2;010FB950;ConfDown; major=0  FCtrl:00  FCnt:57  FPort:2  len:64 [MIC Ok]<br>encrypted: A0 50 B9 0F 01 00 39 00 02 2B 83 C3 29 9A 75 4F 56 84 50 A6 CF 51 63 49 B7 D0 B1 3F 5F B7 A8 D0 8E DF 4F D4 27 79 34 30 6D A0 19 3B A6 EE 85 1E 0A 4A 58 9E 6D 33 F9 29 DD E8 A6 57 0C D5 55 C3;;;868.1;12
DOWNLINK RECEIVED (NOT SENT ON SF 10 869.525)


Tue Apr 24 2018 12:43:48 GMT+0200 (CEST);UL;7076FFFFFE0107CD .Croke Park;010FB950;UnConfUp; major=0  FCtrl:20 [ACK]  FCnt:58  FPort:2  len:16 [MIC Ok]<br>encrypted: 40 50 B9 0F 01 20 3A 00 02 B1 91 D2 3A 44 16 74;-109;-10;868.3;12
Tue Apr 24 2018 12:43:48 GMT+0200 (CEST);DL;7076FFFFFE018839 .TCD_TEC_V2;010FB950;ConfDown; major=0  FCtrl:00  FCnt:58  FPort:2  len:64 [MIC Ok]<br>encrypted: A0 50 B9 0F 01 00 3A 00 02 27 0E ED BE 7E 0B 74 6D CD 31 A3 A7 BB 23 ED 98 C8 33 F7 85 C9 3C D2 1C 87 2B 0E 13 2B B1 A5 9E F5 94 33 AE 43 51 CF 28 7B 57 77 6A E6 62 15 3F B3 44 DC AE 96 02 B3;;;868.3;12
DOWNLINK RECEIVED (NOT SENT ON SF 10 869.525)


Tue Apr 24 2018 12:44:15 GMT+0200 (CEST);UL;7076FFFFFE0107D6 .UCD;010FB950;UnConfUp; major=0  FCtrl:20 [ACK]  FCnt:59  FPort:2  len:16 [MIC Ok]<br>encrypted: 40 50 B9 0F 01 20 3B 00 02 46 1F D3 0D FC 27 7B;-125;-16;868.5;12
Tue Apr 24 2018 12:44:15 GMT+0200 (CEST);DL;7076FFFFFE018839 .TCD_TEC_V2;010FB950;ConfDown; major=0  FCtrl:00  FCnt:59  FPort:2  len:64 [MIC Ok]<br>encrypted: A0 50 B9 0F 01 00 3B 00 02 08 13 2A 5B AC 0E B0 0A 81 52 C3 32 EF D3 19 D6 CC CB 08 E4 32 D5 77 BD F1 C0 48 61 07 9F 1A 58 87 0D CA C7 10 76 DE 48 7F F0 5A 6E 7C EF C0 B2 ED F1 4A 10 65 5C 41;;;868.5;12
DOWNLINK RECEIVED (NOT SENT ON SF 10 869.525)


Tue Apr 24 2018 12:46:29 GMT+0200 (CEST);UL;7076FFFFFE018839 .TCD_TEC_V2;010FB950;UnConfUp; major=0  FCtrl:20 [ACK]  FCnt:60  FPort:2  len:16 [MIC Ok]<br>encrypted: 40 50 B9 0F 01 20 3C 00 02 00 2E 2C 95 77 8A 57;-102;-5;868.1;12
Tue Apr 24 2018 12:46:29 GMT+0200 (CEST);DL;7076FFFFFE018839 .TCD_TEC_V2;010FB950;ConfDown; major=0  FCtrl:00  FCnt:60  FPort:2  len:48 [MIC Ok]<br>encrypted: A0 50 B9 0F 01 00 3C 00 02 BD 75 2B 69 5E 21 B4 60 DE 32 30 27 12 2C 15 FB 9E 34 AF 6A C8 1C DF 71 69 49 A0 B2 A8 DF 87 D8 7A 0C DB 63 FA 89 22;;;868.1;12
DOWNLINK RECEIVED (NOT SENT ON SF 10 869.525)


Tue Apr 24 2018 12:50:28 GMT+0200 (CEST);UL;7076FFFFFE018839 .TCD_TEC_V2;010FB950;UnConfUp; major=0  FCtrl:20 [ACK]  FCnt:61  FPort:2  len:16 [MIC Ok]<br>encrypted: 40 50 B9 0F 01 20 3D 00 02 3D 03 0D FD 0D 20 79;-91;1;868.3;12
Tue Apr 24 2018 12:50:28 GMT+0200 (CEST);DL;7076FFFFFE018839 .TCD_TEC_V2;010FB950;ConfDown; major=0  FCtrl:00  FCnt:61  FPort:2  len:64 [MIC Ok]<br>encrypted: A0 50 B9 0F 01 00 3D 00 02 33 25 81 35 0D D9 2E 2F 03 F7 C8 DF 82 85 BE 98 E0 20 5E D8 C3 33 E9 C9 43 65 16 41 9D DB 5D 27 46 BD CD F0 EE B7 F9 C2 29 55 7B 58 7A F0 ED F6 CC D9 95 5E 9F B4 0F;;;868.3;12
DOWNLINK RECEIVED (NOT SENT ON SF 10 869.525)


Tue Apr 24 2018 12:50:52 GMT+0200 (CEST);UL;7076FFFFFE010849 .DIT Kevin St_V2;010FB950;UnConfUp; major=0  FCtrl:20 [ACK]  FCnt:62  FPort:2  len:16 [MIC Ok]<br>encrypted: 40 50 B9 0F 01 20 3E 00 02 05 BB F9 95 5D 89 2F;-118;-7;868.5;12
Tue Apr 24 2018 12:50:53 GMT+0200 (CEST);DL;7076FFFFFE018839 .TCD_TEC_V2;010FB950;ConfDown; major=0  FCtrl:00  FCnt:62  FPort:2  len:64 [MIC Ok]<br>encrypted: A0 50 B9 0F 01 00 3E 00 02 79 64 AE 9A 68 85 44 01 48 93 8A D7 15 E6 95 A1 87 10 45 09 01 A5 24 3E 5A 3D 6C 62 4C 34 72 FF 50 48 EB 0E CF 7A 0E FE 8B 1B 81 64 31 92 96 FD A7 C9 43 D9 98 47 06;;;868.5;12
DOWNLINK RECEIVED (NOT SENT ON SF 10 869.525)


Tue Apr 24 2018 12:53:06 GMT+0200 (CEST);UL;7076FFFFFE0107CD .Croke Park;010FB950;UnConfUp; major=0  FCtrl:20 [ACK]  FCnt:63  FPort:2  len:16 [MIC Ok]<br>encrypted: 40 50 B9 0F 01 20 3F 00 02 09 5C 67 A4 DB B7 61;-110;-10;868.1;12
Tue Apr 24 2018 12:53:07 GMT+0200 (CEST);DL;7076FFFFFE018839 .TCD_TEC_V2;010FB950;ConfDown; major=0  FCtrl:00  FCnt:63  FPort:2  len:64 [MIC Ok]<br>encrypted: A0 50 B9 0F 01 00 3F 00 02 B3 05 9A 0D 5E 12 3F 29 2C 61 6B CF 72 59 64 7F D8 0B 51 9B B3 D1 06 B5 40 3C CE 3D CD C8 1C A6 EF A3 0E 07 4F E6 D6 4F F2 8D A3 E4 3C 41 E2 B3 E5 FA 9C F1 7B B2 3B;;;868.1;12
DOWNLINK RECEIVED (NOT SENT ON SF 10 869.525)


Tue Apr 24 2018 12:57:06 GMT+0200 (CEST);UL;7076FFFFFE018839 .TCD_TEC_V2;010FB950;UnConfUp; major=0  FCtrl:20 [ACK]  FCnt:64  FPort:2  len:16 [MIC Ok]<br>encrypted: 40 50 B9 0F 01 20 40 00 02 07 29 83 D3 C8 24 40;-95;5;868.3;12
Tue Apr 24 2018 12:57:06 GMT+0200 (CEST);DL;7076FFFFFE018839 .TCD_TEC_V2;010FB950;ConfDown; major=0  FCtrl:00  FCnt:64  FPort:2  len:64 [MIC Ok]<br>encrypted: A0 50 B9 0F 01 00 40 00 02 CC D2 5D D7 3D 3E A8 BA FF 7E 5F 02 15 49 AD B9 4F 09 51 A2 7E 0A 75 B3 10 09 36 85 F2 1C D7 BD CE F1 D2 F0 89 4F A7 50 A0 E6 5C C5 33 C4 8D 1C 34 58 78 C6 35 EF 3F;;;868.3;12
DOWNLINK RECEIVED (NOT SENT ON SF 10 869.525)


Tue Apr 24 2018 12:57:33 GMT+0200 (CEST);UL;7076FFFFFE0107CD .Croke Park;010FB950;UnConfUp; major=0  FCtrl:20 [ACK]  FCnt:65  FPort:2  len:16 [MIC Ok]<br>encrypted: 40 50 B9 0F 01 20 41 00 02 42 6C 82 E5 F1 97 83;-108;0;868.5;12
Tue Apr 24 2018 12:57:33 GMT+0200 (CEST);DL;7076FFFFFE018839 .TCD_TEC_V2;010FB950;ConfDown; major=0  FCtrl:00  FCnt:65  FPort:2  len:64 [MIC Ok]<br>encrypted: A0 50 B9 0F 01 00 41 00 02 82 D0 1C C0 AF 25 CF 0B 11 DF 42 1A 1C BA 5E 05 9B E0 1C AB 83 60 BB BF 2F 37 00 96 5B 0A D5 60 CD 15 E2 83 C0 30 CA B1 AE 14 78 16 DD 4E 2E 5C DE 1B 0A 48 90 5F D2;;;868.5;12
DOWNLINK RECEIVED (NOT SENT ON SF 10 869.525)


SUMMARY:
DOWNLINK RECEIVED TOTAL = 42
|
|
+------ DOWNLINK RECEIVED (NOT SENT ON SF 10 869.525) = 34
+------ DOWNLINK RECEIVED (BUT SENT ON SF 10 869.525) = 8

MISSING DOWNLINK = 23
|
+------+ MISSING DOWNLINK - LOST OVER THE AIR (SENT ON SF 10 869.525) = 1
+------+ MISSING DOWNLINK - LOST OVER THE AIR (NOT SENT ON SF 10 869.525) = 0
+------+ MISSING DOWNLINK - MAC ERR = 22
       +------ MISSING DOWNLINK - MAC ERR (SENT ON SF 10 869.525) = 21
       +------ MISSING DOWNLINK - MAC ERR (NOT SENT ON SF 10 869.525) = 1