Wed Apr 25 2018 10:28:26 GMT+0200 (CEST);UL;7076FFFFFE0107CD .Croke Park;010FB950;UnConfUp; major=0  FCtrl:00  FCnt:0  FPort:2  len:15 [MIC Ok]<br>encrypted: 40 50 B9 0F 01 00 00 00 02 4E C5 B9 63 0D 6A;-107;-4;868.1;7
Wed Apr 25 2018 10:28:26 GMT+0200 (CEST);DL;7076FFFFFE0107CD .Croke Park;010FB950;UnConfDwn; major=0  FCtrl:00  FCnt:0  FPort:0  len:31 [MIC Ok]<br>encrypted: 60 50 B9 0F 01 00 00 00 00 4C C1 06 86 66 69 F3 AF 1D FC 7B B5 2A 0C 8A 60 C7 E3 51 A8 94 1D<br>decrypted: 07 03 58 6E 84 50 07 04 58 6E 84 50 07 05 28 76 84 50<br>NewChannelReq(ChIndex:3  Frequency:8679000 [867.9MHz]  MaxDR:5  MinDR:0)  NewChannelReq(ChIndex:4  Frequency:8679000 [867.9MHz]  MaxDR:5  MinDR:0)  NewChannelReq(ChIndex:5  Frequency:8681000 [868.1MHz]  MaxDR:5  MinDR:0);;;868.1;7
MISSING DOWNLINK - MAC ERR (NOT SENT ON SF 10 869.525)


Wed Apr 25 2018 10:28:30 GMT+0200 (CEST);UL;7076FFFFFE018839 .TCD_TEC_V2;010FB950;UnConfUp; major=0  FCtrl:00  FCnt:1  FPort:2  len:15 [MIC Ok]<br>encrypted: 40 50 B9 0F 01 00 01 00 02 15 56 C0 F1 74 8C;-96;7;868.3;7
Wed Apr 25 2018 10:28:30 GMT+0200 (CEST);DL;7076FFFFFE018839 .TCD_TEC_V2;010FB950;ConfDown; major=0  FCtrl:00  FCnt:1  FPort:2  len:64 [MIC Ok]<br>encrypted: A0 50 B9 0F 01 00 01 00 02 A4 28 46 55 1B 51 04 C4 EC 67 46 29 BF 12 43 7C 23 A5 45 64 E5 E1 9A 40 51 71 22 52 85 91 C2 41 EF F5 CC 9B BE 3F 19 5E 75 D3 15 43 94 1F 02 F5 4A DB A2 2A 4E 34 29;;;869.525;10
MISSING DOWNLINK - MAC ERR (NOTE SENT ON SF 10 869.525)


Wed Apr 25 2018 10:28:35 GMT+0200 (CEST);UL;7076FFFFFE0107CD .Croke Park;010FB950;UnConfUp; major=0  FCtrl:00  FCnt:2  FPort:2  len:15 [MIC Ok]<br>encrypted: 40 50 B9 0F 01 00 02 00 02 9D 0E 94 43 9B E3;-113;-2;868.1;7
Wed Apr 25 2018 10:28:35 GMT+0200 (CEST);DL;7076FFFFFE018839 .TCD_TEC_V2;010FB950;ConfDown; major=0  FCtrl:00  FCnt:2  FPort:2  len:64 [MIC Ok]<br>encrypted: A0 50 B9 0F 01 00 02 00 02 30 EC D5 DE 62 76 46 73 6F D1 08 7D C2 4F 5C 2E 4A E6 A2 39 90 87 55 16 34 D3 29 1B AB B1 28 37 4F EC 85 A7 3E C1 56 0E A1 CD 75 4D 8C 83 B0 DD 25 B9 D9 EA 23 E1 05;;;869.525;10
MISSING DOWNLINK - MAC ERR (NOTE SENT ON SF 10 869.525)


Wed Apr 25 2018 10:28:42 GMT+0200 (CEST);UL;7076FFFFFE0107CD .Croke Park;010FB950;UnConfUp; major=0  FCtrl:00  FCnt:3  FPort:2  len:15 [MIC Ok]<br>encrypted: 40 50 B9 0F 01 00 03 00 02 4D 95 60 EC 72 5E;-116;-6;868.3;7
Wed Apr 25 2018 10:28:42 GMT+0200 (CEST);DL;7076FFFFFE018839 .TCD_TEC_V2;010FB950;ConfDown; major=0  FCtrl:00  FCnt:3  FPort:2  len:64 [MIC Ok]<br>encrypted: A0 50 B9 0F 01 00 03 00 02 DE D0 17 EA FA 6F 4A 18 5C CC 8E DA F4 FF F5 47 C3 B0 DF 57 04 04 C2 EA 38 BA 97 B6 D2 73 42 9F 93 F4 6A 98 78 CC CF 5C 4F 8E 19 11 30 22 22 3A 4B 85 D6 53 C5 40 16;;;868.3;7
DOWNLINK RECEIVED (NOT SENT ON SF 10 869.525)


Wed Apr 25 2018 10:28:50 GMT+0200 (CEST);UL;7076FFFFFE018839 .TCD_TEC_V2;010FB950;UnConfUp; major=0  FCtrl:20 [ACK]  FCnt:4  FPort:2  len:16 [MIC Ok]<br>encrypted: 40 50 B9 0F 01 20 04 00 02 E5 39 A1 3D FF 85 71;-98;6;868.1;7
Wed Apr 25 2018 10:28:50 GMT+0200 (CEST);DL;7076FFFFFE018839 .TCD_TEC_V2;010FB950;ConfDown; major=0  FCtrl:00  FCnt:4  FPort:2  len:64 [MIC Ok]<br>encrypted: A0 50 B9 0F 01 00 04 00 02 45 70 FC BE 5A 0A 89 4C 2F BB 07 58 C7 63 8F 20 11 FA F3 50 90 85 2C B7 53 48 89 00 08 FE 36 AB FC 48 25 0F 15 06 D3 60 04 C9 E0 80 F8 E9 7C AC B6 41 29 AE 74 47 39;;;868.1;7
DOWNLINK RECEIVED (NOT SENT ON SF 10 869.525)


Wed Apr 25 2018 10:28:58 GMT+0200 (CEST);UL;7076FFFFFE018839 .TCD_TEC_V2;010FB950;UnConfUp; major=0  FCtrl:20 [ACK]  FCnt:5  FPort:2  len:16 [MIC Ok]<br>encrypted: 40 50 B9 0F 01 20 05 00 02 D5 9E F9 5A AB 9C 1C;-94;9;868.3;7
Wed Apr 25 2018 10:28:58 GMT+0200 (CEST);DL;7076FFFFFE018839 .TCD_TEC_V2;010FB950;ConfDown; major=0  FCtrl:00  FCnt:5  FPort:2  len:64 [MIC Ok]<br>encrypted: A0 50 B9 0F 01 00 05 00 02 10 8C FA EA F9 00 42 5D 56 D6 71 BC F7 B0 BB 0E 3B 56 21 63 EC 8C 24 BC 3E 5F 3C 0D CB 10 54 DA 95 2F 2A BE 6F 5A CD 01 88 09 BA 29 D4 4E DD 55 39 92 9F 2D 2C AD 6E;;;868.3;7
DOWNLINK RECEIVED (NOT SENT ON SF 10 869.525)


Wed Apr 25 2018 10:29:06 GMT+0200 (CEST);UL;7076FFFFFE018839 .TCD_TEC_V2;010FB950;UnConfUp; major=0  FCtrl:20 [ACK]  FCnt:6  FPort:2  len:16 [MIC Ok]<br>encrypted: 40 50 B9 0F 01 20 06 00 02 41 5A C0 CC 5F 64 D4;-95;11;868.1;7
Wed Apr 25 2018 10:29:06 GMT+0200 (CEST);DL;7076FFFFFE018839 .TCD_TEC_V2;010FB950;ConfDown; major=0  FCtrl:00  FCnt:6  FPort:2  len:64 [MIC Ok]<br>encrypted: A0 50 B9 0F 01 00 06 00 02 63 1B 8A 87 4B 15 25 72 98 F9 4B 5F E4 74 35 F8 95 F5 6D DB 9C 6C 38 C9 48 58 69 A7 11 E8 B6 06 DA 1F A6 A6 7B 84 FD EC 81 9D 55 AC 34 C7 48 78 1E 0F C9 D5 34 4A 3F;;;868.1;7
DOWNLINK RECEIVED (NOT SENT ON SF 10 869.525)


Wed Apr 25 2018 10:29:14 GMT+0200 (CEST);UL;7076FFFFFE0107CD .Croke Park;010FB950;UnConfUp; major=0  FCtrl:20 [ACK]  FCnt:7  FPort:2  len:16 [MIC Ok]<br>encrypted: 40 50 B9 0F 01 20 07 00 02 1B 44 F0 EE 69 44 BF;-109;-5;868.3;7
Wed Apr 25 2018 10:29:15 GMT+0200 (CEST);DL;7076FFFFFE018839 .TCD_TEC_V2;010FB950;ConfDown; major=0  FCtrl:00  FCnt:7  FPort:2  len:64 [MIC Ok]<br>encrypted: A0 50 B9 0F 01 00 07 00 02 99 58 29 1C 40 E0 94 B2 8E 1C 0D E9 90 03 F6 C4 EB AE 2B 6D FE 65 B1 A5 73 2D 98 DA 80 41 0B C5 2F A1 54 15 FB 95 2C A3 DC 71 30 24 92 53 59 68 64 6A C5 26 BA E4 FD;;;868.3;7
DOWNLINK RECEIVED (NOT SENT ON SF 10 869.525)


Wed Apr 25 2018 10:29:22 GMT+0200 (CEST);UL;7076FFFFFE0107CD .Croke Park;010FB950;UnConfUp; major=0  FCtrl:20 [ACK]  FCnt:8  FPort:2  len:16 [MIC Ok]<br>encrypted: 40 50 B9 0F 01 20 08 00 02 19 F4 BB E6 12 9F 8C;-108;-5;868.1;7
Wed Apr 25 2018 10:29:23 GMT+0200 (CEST);DL;7076FFFFFE018839 .TCD_TEC_V2;010FB950;ConfDown; major=0  FCtrl:00  FCnt:8  FPort:2  len:64 [MIC Ok]<br>encrypted: A0 50 B9 0F 01 00 08 00 02 77 BF C2 53 4F CE 07 79 0A D7 52 46 2F 5C DF C0 88 20 CF B5 73 4C FB 26 E4 D3 A5 BA AC 0D C8 97 4D 71 17 17 96 12 2F 74 45 01 A5 6C 6B 83 3B 24 63 AE 1F 27 5E 3F 79;;;868.1;7
DOWNLINK RECEIVED (NOT SENT ON SF 10 869.525)


Wed Apr 25 2018 10:29:30 GMT+0200 (CEST);UL;7076FFFFFE0107CD .Croke Park;010FB950;UnConfUp; major=0  FCtrl:20 [ACK]  FCnt:9  FPort:2  len:16 [MIC Ok]<br>encrypted: 40 50 B9 0F 01 20 09 00 02 8A F7 E1 10 A0 58 A4;-107;-3;868.3;7
Wed Apr 25 2018 10:29:31 GMT+0200 (CEST);DL;7076FFFFFE018839 .TCD_TEC_V2;010FB950;ConfDown; major=0  FCtrl:00  FCnt:9  FPort:2  len:64 [MIC Ok]<br>encrypted: A0 50 B9 0F 01 00 09 00 02 A4 1C 8A 03 13 F4 41 05 EC 84 30 96 4F C5 B8 05 82 23 39 04 00 13 20 D4 75 5F 3F D9 6F BC FB B9 0B DF FD A2 45 50 7C 29 D5 FA 75 C9 F6 CC 27 A1 E7 46 B7 1C AC 24 E0;;;868.3;7
DOWNLINK RECEIVED (NOT SENT ON SF 10 869.525)


Wed Apr 25 2018 10:29:39 GMT+0200 (CEST);UL;7076FFFFFE018839 .TCD_TEC_V2;010FB950;UnConfUp; major=0  FCtrl:20 [ACK]  FCnt:10  FPort:2  len:16 [MIC Ok]<br>encrypted: 40 50 B9 0F 01 20 0A 00 02 E6 C2 84 1C 81 D7 A4;-95;7;868.1;7
Wed Apr 25 2018 10:29:39 GMT+0200 (CEST);DL;7076FFFFFE018839 .TCD_TEC_V2;010FB950;ConfDown; major=0  FCtrl:00  FCnt:10  FPort:2  len:64 [MIC Ok]<br>encrypted: A0 50 B9 0F 01 00 0A 00 02 A2 6A E8 4D 1A 52 7F 52 04 8F 93 2D 11 36 BD D8 87 4F F4 8A 25 8B 25 81 EF F9 5C 0C B5 90 BB BF 56 25 0A F2 17 C4 E7 FF C9 9E 17 FD 98 3D F1 04 E3 60 F7 96 DA CC AD;;;868.1;7
DOWNLINK RECEIVED (NOT SENT ON SF 10 869.525)


Wed Apr 25 2018 10:29:47 GMT+0200 (CEST);UL;7076FFFFFE018839 .TCD_TEC_V2;010FB950;UnConfUp; major=0  FCtrl:20 [ACK]  FCnt:11  FPort:2  len:16 [MIC Ok]<br>encrypted: 40 50 B9 0F 01 20 0B 00 02 A5 65 BA B8 8B 4F 4D;-91;10;868.3;7
Wed Apr 25 2018 10:29:47 GMT+0200 (CEST);DL;7076FFFFFE018839 .TCD_TEC_V2;010FB950;ConfDown; major=0  FCtrl:00  FCnt:11  FPort:2  len:64 [MIC Ok]<br>encrypted: A0 50 B9 0F 01 00 0B 00 02 F5 1D E7 DE B4 1D 73 31 9A DA 20 34 E4 9F 0D 8D EB 46 FF 76 3C B4 01 CD 2A B4 50 EA 89 46 5F 5B 8B CF 75 D8 65 A7 74 3F B3 3B 95 D5 52 E1 B2 BD A4 43 52 83 80 CC 09;;;868.3;7
DOWNLINK RECEIVED (NOT SENT ON SF 10 869.525)


Wed Apr 25 2018 10:29:55 GMT+0200 (CEST);UL;7076FFFFFE0107CD .Croke Park;010FB950;UnConfUp; major=0  FCtrl:20 [ACK]  FCnt:12  FPort:2  len:16 [MIC Ok]<br>encrypted: 40 50 B9 0F 01 20 0C 00 02 67 BD 6A F4 3A 21 0A;-109;-7;868.1;7
Wed Apr 25 2018 10:29:55 GMT+0200 (CEST);DL;7076FFFFFE018839 .TCD_TEC_V2;010FB950;ConfDown; major=0  FCtrl:00  FCnt:12  FPort:2  len:64 [MIC Ok]<br>encrypted: A0 50 B9 0F 01 00 0C 00 02 8C 4E AC D6 1B D0 0B C5 14 0F 17 2E 8F 92 00 72 2C 58 73 58 FB B4 6A C8 CE 03 1B F1 60 DF 6C A3 D7 69 C4 94 6C C5 50 71 E0 EC 7E C8 90 1D 73 C5 BF DE 3A C4 08 17 DD;;;868.1;7
DOWNLINK RECEIVED (NOT SENT ON SF 10 869.525)


Wed Apr 25 2018 10:30:03 GMT+0200 (CEST);UL;7076FFFFFE018839 .TCD_TEC_V2;010FB950;UnConfUp; major=0  FCtrl:20 [ACK]  FCnt:13  FPort:2  len:16 [MIC Ok]<br>encrypted: 40 50 B9 0F 01 20 0D 00 02 61 87 46 00 0C D9 AF;-95;12;868.3;7
Wed Apr 25 2018 10:30:03 GMT+0200 (CEST);DL;7076FFFFFE018839 .TCD_TEC_V2;010FB950;ConfDown; major=0  FCtrl:00  FCnt:13  FPort:2  len:64 [MIC Ok]<br>encrypted: A0 50 B9 0F 01 00 0D 00 02 C8 13 48 FF 48 B3 F9 22 16 D7 0F 2B BF 63 C8 74 16 EC 33 AC 54 09 74 BB 2F D4 50 8C F5 DF 4F BD 9E E9 71 EC 04 2D 3D 49 8D 5A 08 D8 D7 0F 9A B9 48 49 0A 52 D5 BF 70;;;868.3;7
DOWNLINK RECEIVED (NOT SENT ON SF 10 869.525)


Wed Apr 25 2018 10:30:11 GMT+0200 (CEST);UL;7076FFFFFE018839 .TCD_TEC_V2;010FB950;UnConfUp; major=0  FCtrl:20 [ACK]  FCnt:14  FPort:2  len:16 [MIC Ok]<br>encrypted: 40 50 B9 0F 01 20 0E 00 02 97 5D B6 C8 AE 10 AD;-96;-3;868.1;7
Wed Apr 25 2018 10:30:11 GMT+0200 (CEST);DL;7076FFFFFE018839 .TCD_TEC_V2;010FB950;ConfDown; major=0  FCtrl:00  FCnt:14  FPort:2  len:64 [MIC Ok]<br>encrypted: A0 50 B9 0F 01 00 0E 00 02 7F 1C 10 E2 AD AA 53 72 C7 8D A0 3D 1B 94 2F 67 72 00 09 1C 8A 54 C6 FF 0C F7 F1 8C A5 D0 6F 3E D4 C9 83 F1 72 3B F0 43 1A 12 86 78 A0 89 6C C5 45 2A EE BD B5 CE E1;;;868.1;7
DOWNLINK RECEIVED (NOT SENT ON SF 10 869.525)


Wed Apr 25 2018 10:30:19 GMT+0200 (CEST);UL;7076FFFFFE0107CD .Croke Park;010FB950;UnConfUp; major=0  FCtrl:20 [ACK]  FCnt:15  FPort:2  len:16 [MIC Ok]<br>encrypted: 40 50 B9 0F 01 20 0F 00 02 A8 B2 00 6B FB 35 16;-106;-5;868.3;7
Wed Apr 25 2018 10:30:19 GMT+0200 (CEST);DL;7076FFFFFE018839 .TCD_TEC_V2;010FB950;ConfDown; major=0  FCtrl:00  FCnt:15  FPort:2  len:64 [MIC Ok]<br>encrypted: A0 50 B9 0F 01 00 0F 00 02 54 93 86 D1 45 8D 07 B3 66 86 3B F5 03 9E 48 2F 5D D4 9C 28 93 49 A5 A1 87 8A 00 13 A3 BC CD 5F 58 FA 53 C2 71 C0 C0 A9 59 82 67 FE 08 1B 7D B1 D3 05 22 8E C8 D7 93;;;868.3;7
DOWNLINK RECEIVED (NOT SENT ON SF 10 869.525)


Wed Apr 25 2018 10:30:27 GMT+0200 (CEST);UL;7076FFFFFE0107CD .Croke Park;010FB950;UnConfUp; major=0  FCtrl:20 [ACK]  FCnt:16  FPort:2  len:16 [MIC Ok]<br>encrypted: 40 50 B9 0F 01 20 10 00 02 2D 4D 56 2C 9E E6 FA;-113;-7;868.1;7
Wed Apr 25 2018 10:30:27 GMT+0200 (CEST);DL;7076FFFFFE018839 .TCD_TEC_V2;010FB950;ConfDown; major=0  FCtrl:00  FCnt:16  FPort:2  len:64 [MIC Ok]<br>encrypted: A0 50 B9 0F 01 00 10 00 02 C7 08 85 4C 54 21 2C 60 D8 0C F3 44 E8 E8 E4 4A 15 B1 E5 5F 2D 49 4F 85 0B 0E 2F 08 16 B6 69 8B 41 55 25 5B E4 C4 5D 20 B6 58 CC C6 92 14 3C 4A F3 4F D9 BD 94 FE 75;;;868.1;7
DOWNLINK RECEIVED (NOT SENT ON SF 10 869.525)


Wed Apr 25 2018 10:30:35 GMT+0200 (CEST);UL;7076FFFFFE018839 .TCD_TEC_V2;010FB950;UnConfUp; major=0  FCtrl:20 [ACK]  FCnt:17  FPort:2  len:16 [MIC Ok]<br>encrypted: 40 50 B9 0F 01 20 11 00 02 28 87 F5 F4 43 9A 9D;-96;8;868.3;7
Wed Apr 25 2018 10:30:35 GMT+0200 (CEST);DL;7076FFFFFE018839 .TCD_TEC_V2;010FB950;ConfDown; major=0  FCtrl:00  FCnt:17  FPort:2  len:64 [MIC Ok]<br>encrypted: A0 50 B9 0F 01 00 11 00 02 57 58 33 7E DA 63 5C 60 0E 50 51 0C DE 56 22 17 47 3B 65 84 F7 9E 2F 38 A0 14 F2 A3 F2 A1 8E AB 0B B2 6C 07 87 C0 F5 5D 93 67 87 74 E5 53 7F 5B FA CF 61 85 76 78 39;;;868.3;7
DOWNLINK RECEIVED (NOT SENT ON SF 10 869.525)


Wed Apr 25 2018 10:30:43 GMT+0200 (CEST);UL;7076FFFFFE018839 .TCD_TEC_V2;010FB950;UnConfUp; major=0  FCtrl:20 [ACK]  FCnt:18  FPort:2  len:16 [MIC Ok]<br>encrypted: 40 50 B9 0F 01 20 12 00 02 16 77 0C F0 62 D5 B3;-105;0;868.1;7
Wed Apr 25 2018 10:30:44 GMT+0200 (CEST);DL;7076FFFFFE018839 .TCD_TEC_V2;010FB950;ConfDown; major=0  FCtrl:00  FCnt:18  FPort:2  len:64 [MIC Ok]<br>encrypted: A0 50 B9 0F 01 00 12 00 02 84 A8 A3 C2 47 DB 21 07 CA EF 22 8A D6 E4 B3 73 29 F2 18 79 2E 2A 6F 8A 5F 25 B5 AA E5 67 1E C6 2F B4 4A B2 88 EA 10 2F C4 DC 77 E8 C2 75 BC AD 58 88 0D 9D A8 0C A5;;;868.1;7
DOWNLINK RECEIVED (NOT SENT ON SF 10 869.525)


Wed Apr 25 2018 10:30:51 GMT+0200 (CEST);UL;7076FFFFFE0107CD .Croke Park;010FB950;UnConfUp; major=0  FCtrl:20 [ACK]  FCnt:19  FPort:2  len:16 [MIC Ok]<br>encrypted: 40 50 B9 0F 01 20 13 00 02 35 83 53 10 95 27 63;-109;-4;868.3;7
Wed Apr 25 2018 10:30:52 GMT+0200 (CEST);DL;7076FFFFFE018839 .TCD_TEC_V2;010FB950;ConfDown; major=0  FCtrl:00  FCnt:19  FPort:2  len:64 [MIC Ok]<br>encrypted: A0 50 B9 0F 01 00 13 00 02 44 09 CF 3B D1 2C 9E D2 62 56 67 D1 85 5A FE B8 27 B1 FB 17 C3 C6 57 08 ED C7 E5 91 C6 A5 D4 29 AE 5F F7 7E E4 BB 9A 90 DC 73 BD 0D DD AE 2E 71 0C EA F6 01 D3 29 7C;;;868.3;7
DOWNLINK RECEIVED (NOT SENT ON SF 10 869.525)


Wed Apr 25 2018 10:31:00 GMT+0200 (CEST);UL;7076FFFFFE0107CD .Croke Park;010FB950;UnConfUp; major=0  FCtrl:20 [ACK]  FCnt:20  FPort:2  len:16 [MIC Ok]<br>encrypted: 40 50 B9 0F 01 20 14 00 02 C9 6E 97 D3 B9 7A 85;-109;-4;868.1;7
Wed Apr 25 2018 10:31:00 GMT+0200 (CEST);DL;7076FFFFFE018839 .TCD_TEC_V2;010FB950;ConfDown; major=0  FCtrl:00  FCnt:20  FPort:2  len:64 [MIC Ok]<br>encrypted: A0 50 B9 0F 01 00 14 00 02 69 8E 03 34 60 A5 20 25 01 9A 6B B3 94 C3 CC C2 D0 20 C0 31 8F CC 5D E4 E3 6F 1F A7 4A 70 34 C8 80 55 F3 1E 9A 3E E5 47 C4 6D 1A 26 E7 BC B3 30 E0 AF 1D 13 4B 28 65;;;868.1;7
DOWNLINK RECEIVED (NOT SENT ON SF 10 869.525)


Wed Apr 25 2018 10:31:08 GMT+0200 (CEST);UL;7076FFFFFE0107CD .Croke Park;010FB950;UnConfUp; major=0  FCtrl:20 [ACK]  FCnt:21  FPort:2  len:16 [MIC Ok]<br>encrypted: 40 50 B9 0F 01 20 15 00 02 0E CC 22 3F 11 93 28;-108;-4;868.3;7
Wed Apr 25 2018 10:31:08 GMT+0200 (CEST);DL;7076FFFFFE018839 .TCD_TEC_V2;010FB950;ConfDown; major=0  FCtrl:00  FCnt:21  FPort:2  len:64 [MIC Ok]<br>encrypted: A0 50 B9 0F 01 00 15 00 02 D2 0C AE 16 DB 1C 41 9A 1E 80 D6 4E 2A 7F 2A 4A D8 35 05 9C 49 18 53 B4 73 38 E9 1F D0 87 1A 0A 19 18 13 7E 56 28 5B B6 FE 24 7B 95 1E 4F 78 3F A7 45 CA CB 27 04 AA;;;868.3;7
DOWNLINK RECEIVED (NOT SENT ON SF 10 869.525)


Wed Apr 25 2018 10:31:16 GMT+0200 (CEST);UL;7076FFFFFE0107CD .Croke Park;010FB950;UnConfUp; major=0  FCtrl:20 [ACK]  FCnt:22  FPort:2  len:16 [MIC Ok]<br>encrypted: 40 50 B9 0F 01 20 16 00 02 CD 2C DA D2 40 00 F9;-106;-3;868.1;7
Wed Apr 25 2018 10:31:16 GMT+0200 (CEST);DL;7076FFFFFE018839 .TCD_TEC_V2;010FB950;ConfDown; major=0  FCtrl:00  FCnt:22  FPort:2  len:64 [MIC Ok]<br>encrypted: A0 50 B9 0F 01 00 16 00 02 6D 1F 09 94 8C B4 45 7B 0C 46 E2 91 D5 A8 77 93 05 0A 34 15 1F E1 4C E6 E7 0F E1 5A 33 AA 1D 2E 38 C9 11 D6 2C F3 C3 B1 FA 8F AF 31 5C 89 45 2E 71 6A 34 F0 70 08 12;;;868.1;7
DOWNLINK RECEIVED (NOT SENT ON SF 10 869.525)


Wed Apr 25 2018 10:31:24 GMT+0200 (CEST);UL;7076FFFFFE018839 .TCD_TEC_V2;010FB950;UnConfUp; major=0  FCtrl:20 [ACK]  FCnt:23  FPort:2  len:16 [MIC Ok]<br>encrypted: 40 50 B9 0F 01 20 17 00 02 05 B0 CD 0B C7 1B 72;-98;7;868.5;7
Wed Apr 25 2018 10:31:24 GMT+0200 (CEST);DL;7076FFFFFE018839 .TCD_TEC_V2;010FB950;ConfDown; major=0  FCtrl:00  FCnt:23  FPort:2  len:64 [MIC Ok]<br>encrypted: A0 50 B9 0F 01 00 17 00 02 0B 6B D2 C7 ED A0 9D 54 32 4C 4F FC 79 10 4A A5 6C C5 0A F8 C0 A1 70 5F C2 7B 42 3D 82 AE 11 CD BB 4A 4F 56 12 C5 D3 CF CF 6F 0A 0C 89 EC A8 86 95 DA EA 0B 89 95 48;;;868.5;7
DOWNLINK RECEIVED (NOT SENT ON SF 10 869.525)


Wed Apr 25 2018 10:31:32 GMT+0200 (CEST);UL;7076FFFFFE0107CD .Croke Park;010FB950;UnConfUp; major=0  FCtrl:20 [ACK]  FCnt:24  FPort:2  len:16 [MIC Ok]<br>encrypted: 40 50 B9 0F 01 20 18 00 02 93 5A CD 81 04 C2 17;-109;-5;868.3;7
Wed Apr 25 2018 10:31:32 GMT+0200 (CEST);DL;7076FFFFFE018839 .TCD_TEC_V2;010FB950;ConfDown; major=0  FCtrl:00  FCnt:24  FPort:2  len:64 [MIC Ok]<br>encrypted: A0 50 B9 0F 01 00 18 00 02 1D 42 EE D0 C7 21 01 31 88 B9 F6 C0 B8 7A CF 8C B0 5C 3C 0F 74 51 E1 E6 5C B5 8B 12 D0 5F 6C 2A 72 48 86 9F 35 ED FF F3 27 F4 DF F4 B8 BF EB A7 02 3B AC 27 4B 18 DA;;;868.3;7
DOWNLINK RECEIVED (NOT SENT ON SF 10 869.525)


Wed Apr 25 2018 10:31:40 GMT+0200 (CEST);UL;7076FFFFFE0107CD .Croke Park;010FB950;UnConfUp; major=0  FCtrl:20 [ACK]  FCnt:25  FPort:2  len:16 [MIC Ok]<br>encrypted: 40 50 B9 0F 01 20 19 00 02 82 AE 43 5F 73 01 CB;-109;0;868.1;7
Wed Apr 25 2018 10:31:40 GMT+0200 (CEST);DL;7076FFFFFE018839 .TCD_TEC_V2;010FB950;ConfDown; major=0  FCtrl:00  FCnt:25  FPort:2  len:64 [MIC Ok]<br>encrypted: A0 50 B9 0F 01 00 19 00 02 2C D3 16 33 8B F2 24 DA 08 A1 90 74 0F 5C ED 63 86 4C AE 88 37 CF 20 61 BD AA BD 86 BB 40 4C 60 D7 F9 ED CF 8A 54 0D 63 7D 0E F7 1E E1 70 52 12 25 5D F3 4F 80 0F 9F;;;868.1;7
DOWNLINK RECEIVED (NOT SENT ON SF 10 869.525)


Wed Apr 25 2018 10:31:48 GMT+0200 (CEST);UL;7076FFFFFE0107CD .Croke Park;010FB950;UnConfUp; major=0  FCtrl:20 [ACK]  FCnt:26  FPort:2  len:16 [MIC Ok]<br>encrypted: 40 50 B9 0F 01 20 1A 00 02 B1 81 D1 B9 C3 23 74;-107;-4;868.5;7
Wed Apr 25 2018 10:31:48 GMT+0200 (CEST);DL;7076FFFFFE018839 .TCD_TEC_V2;010FB950;ConfDown; major=0  FCtrl:00  FCnt:26  FPort:2  len:64 [MIC Ok]<br>encrypted: A0 50 B9 0F 01 00 1A 00 02 C5 38 A7 89 1A 6F 22 34 34 2C 94 0B E3 0E 5B 1E CF 0D E2 36 68 41 D3 07 68 3A 4E 45 E7 45 67 96 AB DD 24 E3 99 9B 40 38 EB 86 9B BE FD F1 CC C5 9E 11 B3 FD 48 53 2B;;;868.5;7
DOWNLINK RECEIVED (NOT SENT ON SF 10 869.525)


Wed Apr 25 2018 10:31:56 GMT+0200 (CEST);UL;7076FFFFFE0107CD .Croke Park;010FB950;UnConfUp; major=0  FCtrl:20 [ACK]  FCnt:27  FPort:2  len:16 [MIC Ok]<br>encrypted: 40 50 B9 0F 01 20 1B 00 02 70 F6 EB 61 D9 40 3F;-108;-3;868.1;7
Wed Apr 25 2018 10:31:57 GMT+0200 (CEST);DL;7076FFFFFE018839 .TCD_TEC_V2;010FB950;ConfDown; major=0  FCtrl:00  FCnt:27  FPort:2  len:64 [MIC Ok]<br>encrypted: A0 50 B9 0F 01 00 1B 00 02 15 99 97 04 60 FA 40 CB 0B 08 20 01 91 B8 EA 72 CA 44 48 F1 39 B4 4B 47 0B 1A DE DB DA D3 CA 69 C9 7E CC 9A 1B B0 39 01 1C 7F 28 32 B9 9A E1 1F B5 A6 65 25 20 E5 00;;;868.1;7
DOWNLINK RECEIVED (NOT SENT ON SF 10 869.525)


Wed Apr 25 2018 10:32:04 GMT+0200 (CEST);UL;7076FFFFFE0107CD .Croke Park;010FB950;UnConfUp; major=0  FCtrl:20 [ACK]  FCnt:28  FPort:2  len:16 [MIC Ok]<br>encrypted: 40 50 B9 0F 01 20 1C 00 02 35 F9 17 1B DF 0C C2;-109;-7;868.3;7
Wed Apr 25 2018 10:32:05 GMT+0200 (CEST);DL;7076FFFFFE018839 .TCD_TEC_V2;010FB950;ConfDown; major=0  FCtrl:00  FCnt:28  FPort:2  len:64 [MIC Ok]<br>encrypted: A0 50 B9 0F 01 00 1C 00 02 93 DE 63 7C 92 A8 0D A0 58 44 3D 40 25 7C C3 64 53 DC A8 13 54 8C 8F C5 4B FB 49 AA BD 42 F3 7D 01 44 15 2A 8A 43 87 0D 75 CB 26 9F 93 81 34 96 42 7F 1D 40 1C 96 E0;;;868.3;7
DOWNLINK RECEIVED (NOT SENT ON SF 10 869.525)


Wed Apr 25 2018 10:32:12 GMT+0200 (CEST);UL;7076FFFFFE0107CD .Croke Park;010FB950;UnConfUp; major=0  FCtrl:20 [ACK]  FCnt:29  FPort:2  len:16 [MIC Ok]<br>encrypted: 40 50 B9 0F 01 20 1D 00 02 C9 14 AC 50 D1 43 D7;-108;-3;868.5;7
Wed Apr 25 2018 10:32:13 GMT+0200 (CEST);DL;7076FFFFFE018839 .TCD_TEC_V2;010FB950;ConfDown; major=0  FCtrl:00  FCnt:29  FPort:2  len:64 [MIC Ok]<br>encrypted: A0 50 B9 0F 01 00 1D 00 02 03 7A 90 55 1C B6 3C F4 75 14 3D C5 4D 7B DC 5F 5A BE C3 9B 8D D5 4C F0 63 B9 AC D9 AA 4B 2C 8A 39 6B 96 BC 65 C8 05 5B FB 7A 8E BC EC 3A CC 05 BC 78 D8 66 97 64 10;;;868.5;7
DOWNLINK RECEIVED (NOT SENT ON SF 10 869.525)


Wed Apr 25 2018 10:32:20 GMT+0200 (CEST);UL;7076FFFFFE018839 .TCD_TEC_V2;010FB950;UnConfUp; major=0  FCtrl:20 [ACK]  FCnt:30  FPort:2  len:16 [MIC Ok]<br>encrypted: 40 50 B9 0F 01 20 1E 00 02 AB 8B 65 67 8A D2 3D;-93;10;868.3;7
Wed Apr 25 2018 10:32:21 GMT+0200 (CEST);DL;7076FFFFFE018839 .TCD_TEC_V2;010FB950;ConfDown; major=0  FCtrl:00  FCnt:30  FPort:2  len:64 [MIC Ok]<br>encrypted: A0 50 B9 0F 01 00 1E 00 02 7C 08 D9 48 E5 7F 50 28 17 4A 6D DE F7 86 82 E8 34 70 97 D8 30 6D F7 54 F5 1C AA 7D 9E 01 45 F0 0E 33 A8 01 E2 5F 07 C9 5E 37 49 5E 3D 11 43 3B 5E 13 D5 B7 FA C8 E4;;;868.3;7
DOWNLINK RECEIVED (NOT SENT ON SF 10 869.525)


Wed Apr 25 2018 10:32:29 GMT+0200 (CEST);UL;7076FFFFFE010849 .DIT Kevin St_V2;010FB950;UnConfUp; major=0  FCtrl:20 [ACK]  FCnt:31  FPort:2  len:16 [MIC Ok]<br>encrypted: 40 50 B9 0F 01 20 1F 00 02 6B 9B 49 5A 88 57 DF;-113;-8;868.5;7
Wed Apr 25 2018 10:32:29 GMT+0200 (CEST);DL;7076FFFFFE018839 .TCD_TEC_V2;010FB950;ConfDown; major=0  FCtrl:00  FCnt:31  FPort:2  len:64 [MIC Ok]<br>encrypted: A0 50 B9 0F 01 00 1F 00 02 16 E6 D8 2B B6 22 78 F5 58 0A 38 12 E2 5F AD 04 98 30 45 54 A8 7B CC 9A F1 22 FA 3C 4D DC 78 93 BC 87 F2 76 2C A6 41 86 C7 23 19 06 D8 2F 7F 86 A8 C2 F7 F5 C9 3E 22;;;868.5;7
DOWNLINK RECEIVED (NOT SENT ON SF 10 869.525)


Wed Apr 25 2018 10:32:37 GMT+0200 (CEST);UL;7076FFFFFE0107CD .Croke Park;010FB950;UnConfUp; major=0  FCtrl:20 [ACK]  FCnt:32  FPort:2  len:16 [MIC Ok]<br>encrypted: 40 50 B9 0F 01 20 20 00 02 CE F0 7C 9A 6C 97 43;-110;-2;868.1;7
Wed Apr 25 2018 10:32:37 GMT+0200 (CEST);DL;7076FFFFFE018839 .TCD_TEC_V2;010FB950;ConfDown; major=0  FCtrl:00  FCnt:32  FPort:2  len:64 [MIC Ok]<br>encrypted: A0 50 B9 0F 01 00 20 00 02 DD DE EF 16 8F A9 4B DC A8 7B 58 A1 18 34 F4 48 86 85 AF CE 5A 06 EB 75 CA B3 80 4B 2F 92 7A 25 1F 70 7E 1A 8C C9 A5 B3 11 BC 18 E3 F2 F7 FF E0 BE 57 64 AB FF 09 E4;;;868.1;7
DOWNLINK RECEIVED (NOT SENT ON SF 10 869.525)


Wed Apr 25 2018 10:32:45 GMT+0200 (CEST);UL;7076FFFFFE0107CD .Croke Park;010FB950;UnConfUp; major=0  FCtrl:20 [ACK]  FCnt:33  FPort:2  len:16 [MIC Ok]<br>encrypted: 40 50 B9 0F 01 20 21 00 02 87 48 F1 5E C8 4E 08;-111;-3;868.5;7
Wed Apr 25 2018 10:32:45 GMT+0200 (CEST);DL;7076FFFFFE018839 .TCD_TEC_V2;010FB950;ConfDown; major=0  FCtrl:00  FCnt:33  FPort:2  len:64 [MIC Ok]<br>encrypted: A0 50 B9 0F 01 00 21 00 02 D5 E9 29 AE 96 6E 92 D7 75 93 42 20 2B 7F 65 5D A3 8D ED E6 E1 CB 94 6E 92 60 5A 57 A4 7F ED 03 EB 62 E6 E6 54 2D 1B 06 C2 33 D3 D0 F5 FF C3 AC 08 0C FB E2 12 97 BB;;;868.5;7
DOWNLINK RECEIVED (NOT SENT ON SF 10 869.525)


Wed Apr 25 2018 10:32:53 GMT+0200 (CEST);UL;7076FFFFFE0107CD .Croke Park;010FB950;UnConfUp; major=0  FCtrl:20 [ACK]  FCnt:34  FPort:2  len:16 [MIC Ok]<br>encrypted: 40 50 B9 0F 01 20 22 00 02 8D E7 5B C9 B0 9E 47;-112;-5;868.3;7
Wed Apr 25 2018 10:32:53 GMT+0200 (CEST);DL;7076FFFFFE018839 .TCD_TEC_V2;010FB950;ConfDown; major=0  FCtrl:00  FCnt:34  FPort:2  len:64 [MIC Ok]<br>encrypted: A0 50 B9 0F 01 00 22 00 02 56 31 CD F6 6F 1A 1C 45 DE 18 1E 64 D4 31 46 E4 AC CE 27 61 EB 27 B7 33 3D 4D F5 B3 4D 5A A0 14 7A EB AF 29 9A 30 8A 3D A9 E4 A5 80 D0 BB 07 6E FB FF F1 12 98 61 09;;;868.3;7
DOWNLINK RECEIVED (NOT SENT ON SF 10 869.525)


Wed Apr 25 2018 10:33:01 GMT+0200 (CEST);UL;7076FFFFFE018839 .TCD_TEC_V2;010FB950;UnConfUp; major=0  FCtrl:20 [ACK]  FCnt:35  FPort:2  len:16 [MIC Ok]<br>encrypted: 40 50 B9 0F 01 20 23 00 02 9D 64 C3 62 33 1A D3;-94;-3;868.3;7
Wed Apr 25 2018 10:33:01 GMT+0200 (CEST);DL;7076FFFFFE018839 .TCD_TEC_V2;010FB950;ConfDown; major=0  FCtrl:00  FCnt:35  FPort:2  len:64 [MIC Ok]<br>encrypted: A0 50 B9 0F 01 00 23 00 02 E2 23 08 C7 14 02 88 7E 11 F3 D1 AE EA 4F 0F 02 BC CE B2 8F 7C 1A 54 C5 14 A8 68 A3 73 E3 CA 9D ED BA EB FA A2 D9 A1 1F 34 2B 80 3F A6 78 7B 68 BE C0 36 87 92 82 EA;;;868.3;7
DOWNLINK RECEIVED (NOT SENT ON SF 10 869.525)


Wed Apr 25 2018 10:33:09 GMT+0200 (CEST);UL;7076FFFFFE0107CD .Croke Park;010FB950;UnConfUp; major=0  FCtrl:20 [ACK]  FCnt:36  FPort:2  len:16 [MIC Ok]<br>encrypted: 40 50 B9 0F 01 20 24 00 02 17 81 CE 20 68 49 60;-105;0;868.1;7
Wed Apr 25 2018 10:33:09 GMT+0200 (CEST);DL;7076FFFFFE018839 .TCD_TEC_V2;010FB950;ConfDown; major=0  FCtrl:00  FCnt:36  FPort:2  len:64 [MIC Ok]<br>encrypted: A0 50 B9 0F 01 00 24 00 02 F0 04 0B 20 EE 43 FD CC 97 8F 6E E2 D7 02 34 5F 92 CE 65 86 DF A8 7E 2E 61 39 03 45 8B BD 9B 2B 8A F1 36 4C 72 1C 89 47 57 92 09 2E 18 9F 90 CD 68 B6 02 CA CC 4B A6;;;868.1;7
DOWNLINK RECEIVED (NOT SENT ON SF 10 869.525)


Wed Apr 25 2018 10:33:17 GMT+0200 (CEST);UL;7076FFFFFE0107CD .Croke Park;010FB950;UnConfUp; major=0  FCtrl:20 [ACK]  FCnt:37  FPort:2  len:16 [MIC Ok]<br>encrypted: 40 50 B9 0F 01 20 25 00 02 85 D2 E5 1C 84 2D 86;-110;-7;868.3;7
Wed Apr 25 2018 10:33:17 GMT+0200 (CEST);DL;7076FFFFFE018839 .TCD_TEC_V2;010FB950;ConfDown; major=0  FCtrl:00  FCnt:37  FPort:2  len:64 [MIC Ok]<br>encrypted: A0 50 B9 0F 01 00 25 00 02 5B F9 79 04 86 4B 55 5F C0 78 4E A5 BE 8D FF C7 3B 4E 62 4F BB 54 8C B6 53 35 67 08 F0 3E E8 DB E7 B9 2A CD 48 C7 B1 99 15 83 12 5A 50 78 30 05 62 77 20 24 75 22 99;;;868.3;7
DOWNLINK RECEIVED (NOT SENT ON SF 10 869.525)


Wed Apr 25 2018 10:33:25 GMT+0200 (CEST);UL;7076FFFFFE0107CD .Croke Park;010FB950;UnConfUp; major=0  FCtrl:20 [ACK]  FCnt:38  FPort:2  len:16 [MIC Ok]<br>encrypted: 40 50 B9 0F 01 20 26 00 02 D5 A8 6E 42 75 7A C6;-111;-1;868.1;7
Wed Apr 25 2018 10:33:26 GMT+0200 (CEST);DL;7076FFFFFE018839 .TCD_TEC_V2;010FB950;ConfDown; major=0  FCtrl:00  FCnt:38  FPort:2  len:64 [MIC Ok]<br>encrypted: A0 50 B9 0F 01 00 26 00 02 95 86 26 27 22 AC 54 D0 06 8A A3 17 5D 96 1A 0F 4E C8 CD 70 9C EF 70 8E F2 9C 2A 61 54 04 FD D8 F4 01 71 FC DD C0 21 3F FA 67 E0 02 CD 31 0B AC 27 2D 5E B7 FD 17 79;;;868.1;7
DOWNLINK RECEIVED (NOT SENT ON SF 10 869.525)


Wed Apr 25 2018 10:33:38 GMT+0200 (CEST);UL;7076FFFFFE010849 .DIT Kevin St_V2;010FB950;UnConfUp; major=0  FCtrl:00  FCnt:40  FPort:2  len:16 [MIC Ok]<br>encrypted: 40 50 B9 0F 01 00 28 00 02 95 9E F7 71 34 DD 92;-115;-6;868.1;7
Wed Apr 25 2018 10:33:38 GMT+0200 (CEST);DL;7076FFFFFE018839 .TCD_TEC_V2;010FB950;ConfDown; major=0  FCtrl:00  FCnt:39  FPort:2  len:64 [MIC Ok]<br>encrypted: A0 50 B9 0F 01 00 27 00 02 24 97 2D 66 81 3B F5 1E 0F 0A 15 D8 97 BD EC 93 3D FB C2 E2 4C 23 EE 98 20 35 FA 47 92 9D A0 1A A9 87 86 9A 92 CC 6A 4C 73 55 00 0A 7C 94 2B 8E 99 1B 17 EC 1D E4 8A;;;868.1;7
DOWNLINK RECEIVED (NOT SENT ON SF 10 869.525)


Wed Apr 25 2018 10:33:46 GMT+0200 (CEST);UL;7076FFFFFE018839 .TCD_TEC_V2;010FB950;UnConfUp; major=0  FCtrl:20 [ACK]  FCnt:41  FPort:2  len:16 [MIC Ok]<br>encrypted: 40 50 B9 0F 01 20 29 00 02 4C 42 3D E0 BB 95 50;-95;13;868.5;7
Wed Apr 25 2018 10:33:46 GMT+0200 (CEST);DL;7076FFFFFE018839 .TCD_TEC_V2;010FB950;ConfDown; major=0  FCtrl:00  FCnt:40  FPort:2  len:64 [MIC Ok]<br>encrypted: A0 50 B9 0F 01 00 28 00 02 66 BE 4E 6B 4C 0B C3 B4 CD 6B D3 5F 5C 0E D9 A4 62 9C 7A 66 67 95 F4 FA 4F 13 CD 2C 56 01 73 70 E8 2E 7C D9 6E 76 07 A6 4A 25 B1 44 F0 FB CC 3A 9E E1 67 7C 70 FD DD;;;868.5;7
DOWNLINK RECEIVED (NOT SENT ON SF 10 869.525)


Wed Apr 25 2018 10:33:54 GMT+0200 (CEST);UL;7076FFFFFE0107D6 .UCD;010FB950;UnConfUp; major=0  FCtrl:20 [ACK]  FCnt:42  FPort:2  len:16 [MIC Ok]<br>encrypted: 40 50 B9 0F 01 20 2A 00 02 71 A8 9E BC 51 B6 AC;-121;-8;868.5;7
Wed Apr 25 2018 10:33:54 GMT+0200 (CEST);DL;7076FFFFFE018839 .TCD_TEC_V2;010FB950;ConfDown; major=0  FCtrl:00  FCnt:41  FPort:2  len:64 [MIC Ok]<br>encrypted: A0 50 B9 0F 01 00 29 00 02 63 D1 1A E8 97 2A 2F BB 5F A4 2B 99 48 F0 95 F5 D1 67 D9 A1 B1 FC 0F 28 D5 1E 7A 63 2C 36 D2 C4 68 AB 60 07 C3 00 63 4F 81 54 77 F7 6D DA EA 9B E1 97 7D 2B 1C 35 DC;;;868.5;7
DOWNLINK RECEIVED (NOT SENT ON SF 10 869.525)


Wed Apr 25 2018 10:34:02 GMT+0200 (CEST);UL;7076FFFFFE0107CD .Croke Park;010FB950;UnConfUp; major=0  FCtrl:20 [ACK]  FCnt:43  FPort:2  len:16 [MIC Ok]<br>encrypted: 40 50 B9 0F 01 20 2B 00 02 AD 05 F7 62 D8 B8 29;-109;-3;868.1;7
Wed Apr 25 2018 10:34:02 GMT+0200 (CEST);DL;7076FFFFFE018839 .TCD_TEC_V2;010FB950;ConfDown; major=0  FCtrl:00  FCnt:42  FPort:2  len:48 [MIC Ok]<br>encrypted: A0 50 B9 0F 01 00 2A 00 02 8E 70 8E 70 2C 32 B5 54 98 20 59 C8 30 30 FC 79 4A 38 93 8B CD 8B F8 CF 1D 03 47 2A 5E 61 B5 EA A7 4F D4 FE 67 B6 8E;;;868.1;7
DOWNLINK RECEIVED (NOT SENT ON SF 10 869.525)


Wed Apr 25 2018 10:34:10 GMT+0200 (CEST);UL;7076FFFFFE0107CD .Croke Park;010FB950;UnConfUp; major=0  FCtrl:20 [ACK]  FCnt:44  FPort:2  len:16 [MIC Ok]<br>encrypted: 40 50 B9 0F 01 20 2C 00 02 72 30 06 0D D5 C5 8A;-110;-9;868.3;7
Wed Apr 25 2018 10:34:10 GMT+0200 (CEST);DL;7076FFFFFE0107CD .Croke Park;010FB950;ConfDown; major=0  FCtrl:00  FCnt:43  FPort:2  len:64 [MIC Ok]<br>encrypted: A0 50 B9 0F 01 00 2B 00 02 15 63 78 04 58 E1 37 26 99 4A 42 B5 F6 52 CB B6 F3 C5 F9 A5 43 74 C1 68 69 A2 95 3F 85 A2 54 FA B7 E2 DE 39 20 08 61 7D 76 A5 B0 F9 5B FC 2F 8A A9 B3 1B 4B 39 10 33;;;869.525;10
DOWNLINK RECEIVED (BUT SENT ON SF 10 869.525)


Wed Apr 25 2018 10:34:20 GMT+0200 (CEST);UL;7076FFFFFE0107CD .Croke Park;010FB950;UnConfUp; major=0  FCtrl:20 [ACK]  FCnt:45  FPort:2  len:16 [MIC Ok]<br>encrypted: 40 50 B9 0F 01 20 2D 00 02 10 C1 40 6B C4 F0 7F;-111;-4;868.5;7
Wed Apr 25 2018 10:34:20 GMT+0200 (CEST);DL;7076FFFFFE018839 .TCD_TEC_V2;010FB950;ConfDown; major=0  FCtrl:00  FCnt:44  FPort:2  len:64 [MIC Ok]<br>encrypted: A0 50 B9 0F 01 00 2C 00 02 A5 B7 D1 B0 6F FE D7 CB 33 4E 52 B7 C9 61 72 49 79 B0 72 9A CD E3 24 37 19 D6 0B 7B 88 64 DC 08 37 EF AC F4 F9 66 33 50 91 46 41 02 33 27 56 3B 43 9B 32 95 0A EB D9;;;869.525;10
MISSING DOWNLINK - MAC ERR (NOTE SENT ON SF 10 869.525)


Wed Apr 25 2018 10:34:24 GMT+0200 (CEST);UL;7076FFFFFE0107CD .Croke Park;010FB950;UnConfUp; major=0  FCtrl:00  FCnt:46  FPort:2  len:16 [MIC Ok]<br>encrypted: 40 50 B9 0F 01 00 2E 00 02 F6 4A 3D 94 97 86 48;-106;-4;868.1;7
Wed Apr 25 2018 10:34:25 GMT+0200 (CEST);DL;7076FFFFFE018839 .TCD_TEC_V2;010FB950;ConfDown; major=0  FCtrl:00  FCnt:45  FPort:2  len:64 [MIC Ok]<br>encrypted: A0 50 B9 0F 01 00 2D 00 02 4D 66 3E 2C 34 2B 13 4D 55 3B 26 26 41 4A 04 66 FD DD 81 62 15 63 75 DC 7C 2B 5B 39 3C 37 65 C5 53 54 0B E6 45 76 31 74 9B 6F A7 AF C0 A2 B1 64 F9 05 D4 59 41 86 67;;;869.525;10
MISSING DOWNLINK - MAC ERR (NOTE SENT ON SF 10 869.525)


Wed Apr 25 2018 10:34:29 GMT+0200 (CEST);UL;7076FFFFFE010849 .DIT Kevin St_V2;010FB950;UnConfUp; major=0  FCtrl:00  FCnt:47  FPort:2  len:16 [MIC Ok]<br>encrypted: 40 50 B9 0F 01 00 2F 00 02 2B 79 EC 44 E4 E1 B7;-113;-7;868.5;7
Wed Apr 25 2018 10:34:30 GMT+0200 (CEST);DL;7076FFFFFE018839 .TCD_TEC_V2;010FB950;ConfDown; major=0  FCtrl:00  FCnt:46  FPort:2  len:64 [MIC Ok]<br>encrypted: A0 50 B9 0F 01 00 2E 00 02 E2 A8 8F 0B B6 E1 E6 88 BB 8D AE 7F 2D F2 96 D6 76 91 9A 9C 9B C6 EA 9E 0B B9 5C 94 DF 94 F1 41 56 13 8C EC 46 60 95 B4 AE 37 BD BA 1F 33 B7 1B 6F 57 B4 79 2E A1 99;;;869.525;10
MISSING DOWNLINK - MAC ERR (NOTE SENT ON SF 10 869.525)


Wed Apr 25 2018 10:34:34 GMT+0200 (CEST);UL;7076FFFFFE018839 .TCD_TEC_V2;010FB950;UnConfUp; major=0  FCtrl:00  FCnt:48  FPort:2  len:16 [MIC Ok]<br>encrypted: 40 50 B9 0F 01 00 30 00 02 21 EF 07 2C EF 04 40;-94;6;868.3;7
Wed Apr 25 2018 10:34:35 GMT+0200 (CEST);DL;7076FFFFFE018839 .TCD_TEC_V2;010FB950;ConfDown; major=0  FCtrl:00  FCnt:47  FPort:2  len:64 [MIC Ok]<br>encrypted: A0 50 B9 0F 01 00 2F 00 02 39 C7 4E 3A 69 21 41 74 DA B1 51 BA E3 FC 04 E2 06 C9 C9 F0 91 15 1E 7E C9 2F F1 37 51 1B AB 05 DB 12 C7 61 91 49 32 74 53 F6 C1 80 7C F6 20 EA 50 B4 61 6F C3 EF 58;;;868.3;7
DOWNLINK RECEIVED (NOT SENT ON SF 10 869.525)

---------------------------------------------------------------------------
SUMMARY:

DOWNLINK RECEIVED TOTAL = 42
|
+----------- DOWNLINK RECEIVED (NOT SENT ON SF 10 869.525) = 41
+----------- DOWNLINK RECEIVED (SENT ON SF 10 869.525) = 1



MISSING DOWNLINK - MAC ERR = 6
----------- MISSING DOWNLINK - MAC ERR (SENT ON SF 10 869.525) = 6
----------- MISSING DOWNLINK - MAC ERR (NOT SENT ON SF 10 869.525) = 0